query,answer,reprompt_query,reformulated_query,query_to_reformulate,query_type,collection,query_after_reformulation
Co obejmuje ubezpieczenie autocasco?,"Ubezpieczenie autocasco (AC) obejmuje ochronę przed szkodami powstałymi w wyniku:  
1. **wypadku i kolizji** z innymi pojazdami, osobami, zwierzętami lub przedmiotami znajdującymi się poza pojazdem [1][2],  
2. **uszkodzenia pojazdu** przez osoby trzecie lub zwierzęta [1][2],  
3. **kradzieży lub usiłowania kradzieży** pojazdu, jego części lub wyposażenia dodatkowego [1][2][3],  
4. **pożaru lub wybuchu** [1][2],  
5. **działania zjawisk atmosferycznych**, takich jak powodzie, huragany, grad, uderzenia pioruna, osuwanie się ziemi, lawiny itp. [1][2].  

Dodatkowo, w zakres AC wchodzą **szyby** [1][2]. Ochrona obejmuje również **wyposażenie dodatkowe** lub specjalne (w przypadku pojazdów specjalnych), jeśli zostało wskazane we wniosku ubezpieczeniowym i jest zamontowane na stałe [3][4].  

**Zakres terytorialny** obejmuje Polskę, z możliwością rozszerzenia na kraje europejskie (Polska+Europa) za dodatkową opłatą. Wyjątkiem są **Białoruś, Rosja, Ukraina i Mołdawia**, gdzie ubezpieczyciele nie odpowiadają za kradzież pojazdu [1][2][3].  

Warianty ubezpieczenia AC obejmują m.in.:  
- **Serwis ASO** (naprawa w autoryzowanych warsztatach z użyciem części oryginalnych),  
- **Warsztat** (naprawa w nieautoryzowanych warsztatach z częściami zamiennikami),  
- **Kosztorys** (likwidacja szkody na podstawie wyceny, z możliwością amortyzacji) [3].  

W niektórych przypadkach możliwe jest zastosowanie **Gwarantowanej Sumy Ubezpieczenia plus (GSU+)** dla nowych pojazdów [3].","Numerowana lista dokumentów jest poniżej:
---------------------
<results>
Dokument: 1
BAZA WIEDZY KOMUNIKACJA
AutoCasco-Co to jest ubezpieczenie ac i co obejmuje?
Baza wiedzy komunikacyjna związana z ubezpieczeniami i odszkodowaniami pojazdów.
AutoCasco - Co to jest ubezpieczenie ac i co obejmuje?

Ubezpieczenie AC obejmuje swoją ochroną szkody powstałe w wyniku:
wypadku i kolizji z innymi pojazdami, osobami, zwierzętami czy przedmiotami znajdującymi się poza pojazdem,
uszkodzenia pojazdu przez osoby trzecie lub zwierzęta,
kradzieży lub usiłowania kradzieży pojazdu, jego części lub tzw. wyposażenia dodatkowego,
pożaru lub wybuchu,
działania zjawisk atmosferycznych, do których zaliczamy m.in. powodzie, zatopienia, huragany, grad, uderzenia pioruna, osuwanie bądź zapadanie się ziemi, lawiny, itp.
W zakres ubezpieczenia AC wchodzą: szyby  
Zakres terytorialny AC to Polska z możliwością rozszerzenia POLSKA+EUROPA za dodatkową opłatą.
Nie odpowiadamy za kradzież pojazdu na terytorium Białorusi, Rosji, Ukrainy oraz Mołdawii. 

Dokument: 2
BAZA WIEDZY DOK
Fragment 106
AutoCasco Co to jest ubezpieczenie ac i co obejmuje? Ubezpieczenie AC obejmuje swoją ochroną szkody powstałe w wyniku: wypadku i kolizji z innymi pojazdami, osobami, zwierzętami czy przedmiotami znajdującymi się poza pojazdem, uszkodzenia pojazdu przez osoby trzecie lub zwierzęta, kradzieży lub usiłowania kradzieży pojazdu, jego części lub tzw. wyposażenia dodatkowego, pożaru lub wybuchu, działania zjawisk atmosferycznych, do których zaliczamy m.in. powodzie, zatopienia, huragany, grad, uderzenia pioruna, osuwanie bądź zapadanie się ziemi, lawiny, itp. W zakres ubezpieczenia AC wchodzą: szyby Zakres terytorialny AC to Polska z możliwością rozszerzenia POLSKA+EUROPA za dodatkową opłatą. Nie odpowiadamy za kradzież pojazdu na terytorium Białorusi, Rosji, Ukrainy oraz Mołdawii. Jakim pojazdom damy ac? samochody: osobowe terenowe ciężarowe do 3,5t (DMC) kempingowe pojazdy specjalne do 3,5t (DMC) Jakim pojazdom nie damy ac? używanych jak rekwizyty, sprowadzonych z USA lub Kanady, używanych do nauki jazdy, taksówek lub samochodów służących do przewozu pasażerów za opłatą, używanych do świadczenia odpłatnych usług przewozowych i transportowych, udostępnianych do korzystania innym osobom niż właściciel na podstawie odrębnych umów odpłatnych, z wyjątkiem umowy leasingu, składaków, nieposiadających ważnego badania technicznego, z kierownicą po prawej stronie, wywrotek, tj.

Dokument: 3
OWU_KOMUNIKACYJNE_UNIQA
I. UBEZPIECZENIE AUTOCASCO (AC)-3.	Jaki jest zakres ubezpieczenia?
Ogólne warunki ubezpieczenia komunikacyjnego związanego z ubezpieczaniem pojadów.
I. UBEZPIECZENIE AUTOCASCO (AC) - 3.	Jaki jest zakres ubezpieczenia?

		3.1.	Ochroną ubezpieczeniową obejmujemy szkody polegające na:
				a)	uszkodzeniu, zniszczeniu lub kradzieży pojazdu lub jego części,
				b)	uszkodzeniu, zniszczeniu lub kradzieży wyposażenia dodatkowego pojazdu lub wyposażenia specjalnego pojazdu specjalnego wskazanego we wniosku o zawarcie umowy ubezpieczenia,
		powstałe wskutek wszelkich nagłych i nieprzewidzianych zdarzeń, które miały miejsce w czasie trwania naszej odpowiedzialności z tytułu ubezpieczenia AC i wynikały z przyczyn zewnętrznych wobec pojazdu, z zastrzeżeniem wyłączeń wskazanych w pkt 5 i w rozdziale X pkt 5.
		3.2.	Ochroną ubezpieczeniową obejmujemy wypadki i kradzież, które wystąpiły na terytorium Polski.
		3.3.	Na Twój wniosek możemy rozszerzyć zakres ubezpieczenia o zdarzenia, które wystąpiły na terytorium pozostałych krajów europejskich, z zastrzeżeniem że nie odpowiadamy za kradzież pojazdu na terytorium Rosji, Białorusi, Ukrainy i Mołdawii.
		3.4.	Możesz wybrać jeden z następujących wariantów ubezpieczenia AC: Serwis ASO, Warsztat, Kosztorys bez amortyzacji, Kosztorys z amortyzacją (szczegóły w tabeli poniżej).
		
Warianty i pozostałe warunki ubezpieczenia AC
Serwis ASO
Warsztat
Kosztorys 
bez amortyzacji
Kosztorys 
z amortyzacją
Warsztat (naprawa 
w warsztacie)
Części użyte do likwidacji szkody
oryginalne
zamienniki
–
–
Amortyzacja
brak
brak
–
–
Stawka za roboczogodzinę
ASO
warsztat nieautoryzowany
–
–
Kosztorys (likwidacja szkody na kosztorys)
Części użyte do likwidacji szkody
zamienniki (w razie braku – 70% ceny części oryginalnej) 
zamienniki (w razie braku – 70% ceny części oryginalnej)
zamienniki (w razie braku – 70% ceny części oryginalnej)
zamienniki (w razie braku – 70% ceny części oryginalnej)
Amortyzacja
brak
brak
brak
tak
Stawka za roboczogodzinę
90 zł (brutto)
90 zł (brutto)
90 zł (brutto)
90 zł (brutto)
		
Warianty ubezpieczenia AC
Serwis ASO
Warsztat
Kosztorys 
bez amortyzacji
Kosztorys 
z amortyzacją
Gwarantowana suma ubezpieczenia plus (GSU+) dla pojazdów kupionych jako nowe 
w polskiej sieci sprzedaży
tak, w zakresie (bez dodatkowej składki) dla pojazdów z okresem eksploatacji od 0 do 3 lat
brak
brak
brak
opcja (za dodatkową składką) dla pojazdów z okresem eksploatacji od 4 do 10 lat
opcja (za dodatkową składką) dla pojazdów z okresem eksploatacji od 0 do 10 lat
brak
brak
Udział własny dla uszkodzenia 
lub zniszczenia
0, 500, 1000, 2000 
(zł)
0, 500, 1000, 2000 
(zł)
0, 500, 1000, 2000 (zł)
0, 500, 1000, 2000 (zł)
Udział własny dla kradzieży
0% albo 10%
0% albo 10%
0% albo 10%
0% albo 10%
Zakres terytorialny
Polska z możliwością rozszerzenia na pozostałe kraje europejskie
		

Dokument: 4
OWU_KOMUNIKACYJNE_UNIQA
I. UBEZPIECZENIE AUTOCASCO (AC)-1.	Co ubezpieczamy?
Ogólne warunki ubezpieczenia komunikacyjnego związanego z ubezpieczaniem pojadów.
I. UBEZPIECZENIE AUTOCASCO (AC) - 1.	Co ubezpieczamy?

		1.1.	Ubezpieczamy pojazdy, które stanowią własność:
				a)	osób fizycznych;
				b)	osób prawnych;
				c)	jednostek organizacyjnych nieposiadających osobowości prawnej.
		1.2.	Możemy ubezpieczyć wyposażenie dodatkowe pojazdu lub wyposażenie specjalne pojazdu specjalnego, które zostało wskazane przez Ciebie we wniosku o zawarcie umowy ubezpieczenia oraz jest zamontowane na stałe, a jego demontaż wymaga użycia narzędzi.

Dokument: 5
BAZA WIEDZY DOK
Fragment 120
Np. jest elementem prywatnej kolekcji małych niebieskich aut. Pojazd historyczny: Pojazd ma co najmniej 40 lat lub 25 lat i został uznany przez rzeczoznawcę samochodowego za pojazd unikatowy. W uproszczeniu każdy pojazd zabytkowy jest historyczny, ale nie każdy pojazd historyczny jest zabytkowy. Oba przypadki nie wymagają OC, gdy nie uczestniczą w ruchu drogowym. Niektóre TU mają dla nich polisy 30 dniowe i dodatkowe zniżki, w Uniqa nie mamy. AC Europa Zakres ubezpieczenia AutoCasco możemy rozszerzyć o zdarzenia, które wstąpiły na terytorium pozostałych krajów europejskich, z zastrzeżeniem BRUM. BRUM - Kraje w których nie odpowiadamy za kradzież pojazdu. Białoruś Rosja Ukraina Mołdawia Zielona Karta Zielona karta- międzynarodowy certyfikat ubezpieczeniowy dla posiadacza pojazdu mechanicznego, świadczący o tym, że jest on objęty ubezpieczeniem odpowiedzialności cywilnej zgodnie z prawem ubezpieczeniowym obowiązującym w kraju, w którym jej posiadacz przebywa, a który należy do Systemu Zielonej Karty.
</results>
---------------------
Odpowiedz na pytanie użytkownika wykorzystując tylko informacje znajdujące się w dokumentach, a nie wcześniejszą wiedzę.
Udziel wysokiej jakości, poprawnej gramatycznie odpowiedzi w języku polskim. Odpowiedź powinna zawierać cytowania do dokumentów, z których pochodzą informacje. Zacytuj dokument za pomocą symbolu [nr_dokumentu] powołując się na fragment np. [1] dla fragmentu z dokumentu 1. Jeżeli w dokumentach nie ma informacji potrzebnych do odpowiedzi na pytanie, zamiast odpowiedzi zwróć tekst: ""Nie udało mi się odnaleźć odpowiedzi na pytanie"".

Pytanie: Co obejmuje ubezpieczenie autocasco?",Co obejmuje ubezpieczenie autocasco?,A ile ono kosztuje?,reformulate,Uniqa_test,Ile kosztuje ubezpieczenie autocasco?
Co obejmuje ubezpieczenie autocasco?,"Ubezpieczenie autocasco (AC) obejmuje ochronę przed szkodami powstałymi w wyniku:  
1. **wypadku i kolizji** z innymi pojazdami, osobami, zwierzętami lub przedmiotami znajdującymi się poza pojazdem [1][2],  
2. **uszkodzenia pojazdu** przez osoby trzecie lub zwierzęta [1][2],  
3. **kradzieży lub usiłowania kradzieży** pojazdu, jego części lub wyposażenia dodatkowego [1][2][3],  
4. **pożaru lub wybuchu** [1][2],  
5. **działania zjawisk atmosferycznych**, takich jak powodzie, huragany, grad, uderzenia pioruna, osuwanie się ziemi, lawiny itp. [1][2].  

Dodatkowo, w zakres AC wchodzą **szyby** [1][2]. Ochrona obejmuje również **wyposażenie dodatkowe** lub specjalne (w przypadku pojazdów specjalnych), jeśli zostało wskazane we wniosku ubezpieczeniowym i jest zamontowane na stałe [3][4].  

**Zakres terytorialny** obejmuje Polskę, z możliwością rozszerzenia na kraje europejskie (Polska+Europa) za dodatkową opłatą. Wyjątkiem są **Białoruś, Rosja, Ukraina i Mołdawia**, gdzie ubezpieczyciele nie odpowiadają za kradzież pojazdu [1][2][3].  

Warianty ubezpieczenia AC obejmują m.in.:  
- **Serwis ASO** (naprawa w autoryzowanych warsztatach z użyciem części oryginalnych),  
- **Warsztat** (naprawa w nieautoryzowanych warsztatach z częściami zamiennikami),  
- **Kosztorys** (likwidacja szkody na podstawie wyceny, z możliwością amortyzacji) [3].  

W niektórych przypadkach możliwe jest zastosowanie **Gwarantowanej Sumy Ubezpieczenia plus (GSU+)** dla nowych pojazdów [3].","Numerowana lista dokumentów jest poniżej:
---------------------
<results>
Dokument: 1
BAZA WIEDZY KOMUNIKACJA
AutoCasco-Co to jest ubezpieczenie ac i co obejmuje?
Baza wiedzy komunikacyjna związana z ubezpieczeniami i odszkodowaniami pojazdów.
AutoCasco - Co to jest ubezpieczenie ac i co obejmuje?

Ubezpieczenie AC obejmuje swoją ochroną szkody powstałe w wyniku:
wypadku i kolizji z innymi pojazdami, osobami, zwierzętami czy przedmiotami znajdującymi się poza pojazdem,
uszkodzenia pojazdu przez osoby trzecie lub zwierzęta,
kradzieży lub usiłowania kradzieży pojazdu, jego części lub tzw. wyposażenia dodatkowego,
pożaru lub wybuchu,
działania zjawisk atmosferycznych, do których zaliczamy m.in. powodzie, zatopienia, huragany, grad, uderzenia pioruna, osuwanie bądź zapadanie się ziemi, lawiny, itp.
W zakres ubezpieczenia AC wchodzą: szyby  
Zakres terytorialny AC to Polska z możliwością rozszerzenia POLSKA+EUROPA za dodatkową opłatą.
Nie odpowiadamy za kradzież pojazdu na terytorium Białorusi, Rosji, Ukrainy oraz Mołdawii. 

Dokument: 2
BAZA WIEDZY DOK
Fragment 106
AutoCasco Co to jest ubezpieczenie ac i co obejmuje? Ubezpieczenie AC obejmuje swoją ochroną szkody powstałe w wyniku: wypadku i kolizji z innymi pojazdami, osobami, zwierzętami czy przedmiotami znajdującymi się poza pojazdem, uszkodzenia pojazdu przez osoby trzecie lub zwierzęta, kradzieży lub usiłowania kradzieży pojazdu, jego części lub tzw. wyposażenia dodatkowego, pożaru lub wybuchu, działania zjawisk atmosferycznych, do których zaliczamy m.in. powodzie, zatopienia, huragany, grad, uderzenia pioruna, osuwanie bądź zapadanie się ziemi, lawiny, itp. W zakres ubezpieczenia AC wchodzą: szyby Zakres terytorialny AC to Polska z możliwością rozszerzenia POLSKA+EUROPA za dodatkową opłatą. Nie odpowiadamy za kradzież pojazdu na terytorium Białorusi, Rosji, Ukrainy oraz Mołdawii. Jakim pojazdom damy ac? samochody: osobowe terenowe ciężarowe do 3,5t (DMC) kempingowe pojazdy specjalne do 3,5t (DMC) Jakim pojazdom nie damy ac? używanych jak rekwizyty, sprowadzonych z USA lub Kanady, używanych do nauki jazdy, taksówek lub samochodów służących do przewozu pasażerów za opłatą, używanych do świadczenia odpłatnych usług przewozowych i transportowych, udostępnianych do korzystania innym osobom niż właściciel na podstawie odrębnych umów odpłatnych, z wyjątkiem umowy leasingu, składaków, nieposiadających ważnego badania technicznego, z kierownicą po prawej stronie, wywrotek, tj.

Dokument: 3
OWU_KOMUNIKACYJNE_UNIQA
I. UBEZPIECZENIE AUTOCASCO (AC)-3.	Jaki jest zakres ubezpieczenia?
Ogólne warunki ubezpieczenia komunikacyjnego związanego z ubezpieczaniem pojadów.
I. UBEZPIECZENIE AUTOCASCO (AC) - 3.	Jaki jest zakres ubezpieczenia?

		3.1.	Ochroną ubezpieczeniową obejmujemy szkody polegające na:
				a)	uszkodzeniu, zniszczeniu lub kradzieży pojazdu lub jego części,
				b)	uszkodzeniu, zniszczeniu lub kradzieży wyposażenia dodatkowego pojazdu lub wyposażenia specjalnego pojazdu specjalnego wskazanego we wniosku o zawarcie umowy ubezpieczenia,
		powstałe wskutek wszelkich nagłych i nieprzewidzianych zdarzeń, które miały miejsce w czasie trwania naszej odpowiedzialności z tytułu ubezpieczenia AC i wynikały z przyczyn zewnętrznych wobec pojazdu, z zastrzeżeniem wyłączeń wskazanych w pkt 5 i w rozdziale X pkt 5.
		3.2.	Ochroną ubezpieczeniową obejmujemy wypadki i kradzież, które wystąpiły na terytorium Polski.
		3.3.	Na Twój wniosek możemy rozszerzyć zakres ubezpieczenia o zdarzenia, które wystąpiły na terytorium pozostałych krajów europejskich, z zastrzeżeniem że nie odpowiadamy za kradzież pojazdu na terytorium Rosji, Białorusi, Ukrainy i Mołdawii.
		3.4.	Możesz wybrać jeden z następujących wariantów ubezpieczenia AC: Serwis ASO, Warsztat, Kosztorys bez amortyzacji, Kosztorys z amortyzacją (szczegóły w tabeli poniżej).
		
Warianty i pozostałe warunki ubezpieczenia AC
Serwis ASO
Warsztat
Kosztorys 
bez amortyzacji
Kosztorys 
z amortyzacją
Warsztat (naprawa 
w warsztacie)
Części użyte do likwidacji szkody
oryginalne
zamienniki
–
–
Amortyzacja
brak
brak
–
–
Stawka za roboczogodzinę
ASO
warsztat nieautoryzowany
–
–
Kosztorys (likwidacja szkody na kosztorys)
Części użyte do likwidacji szkody
zamienniki (w razie braku – 70% ceny części oryginalnej) 
zamienniki (w razie braku – 70% ceny części oryginalnej)
zamienniki (w razie braku – 70% ceny części oryginalnej)
zamienniki (w razie braku – 70% ceny części oryginalnej)
Amortyzacja
brak
brak
brak
tak
Stawka za roboczogodzinę
90 zł (brutto)
90 zł (brutto)
90 zł (brutto)
90 zł (brutto)
		
Warianty ubezpieczenia AC
Serwis ASO
Warsztat
Kosztorys 
bez amortyzacji
Kosztorys 
z amortyzacją
Gwarantowana suma ubezpieczenia plus (GSU+) dla pojazdów kupionych jako nowe 
w polskiej sieci sprzedaży
tak, w zakresie (bez dodatkowej składki) dla pojazdów z okresem eksploatacji od 0 do 3 lat
brak
brak
brak
opcja (za dodatkową składką) dla pojazdów z okresem eksploatacji od 4 do 10 lat
opcja (za dodatkową składką) dla pojazdów z okresem eksploatacji od 0 do 10 lat
brak
brak
Udział własny dla uszkodzenia 
lub zniszczenia
0, 500, 1000, 2000 
(zł)
0, 500, 1000, 2000 
(zł)
0, 500, 1000, 2000 (zł)
0, 500, 1000, 2000 (zł)
Udział własny dla kradzieży
0% albo 10%
0% albo 10%
0% albo 10%
0% albo 10%
Zakres terytorialny
Polska z możliwością rozszerzenia na pozostałe kraje europejskie
		

Dokument: 4
OWU_KOMUNIKACYJNE_UNIQA
I. UBEZPIECZENIE AUTOCASCO (AC)-1.	Co ubezpieczamy?
Ogólne warunki ubezpieczenia komunikacyjnego związanego z ubezpieczaniem pojadów.
I. UBEZPIECZENIE AUTOCASCO (AC) - 1.	Co ubezpieczamy?

		1.1.	Ubezpieczamy pojazdy, które stanowią własność:
				a)	osób fizycznych;
				b)	osób prawnych;
				c)	jednostek organizacyjnych nieposiadających osobowości prawnej.
		1.2.	Możemy ubezpieczyć wyposażenie dodatkowe pojazdu lub wyposażenie specjalne pojazdu specjalnego, które zostało wskazane przez Ciebie we wniosku o zawarcie umowy ubezpieczenia oraz jest zamontowane na stałe, a jego demontaż wymaga użycia narzędzi.

Dokument: 5
BAZA WIEDZY DOK
Fragment 120
Np. jest elementem prywatnej kolekcji małych niebieskich aut. Pojazd historyczny: Pojazd ma co najmniej 40 lat lub 25 lat i został uznany przez rzeczoznawcę samochodowego za pojazd unikatowy. W uproszczeniu każdy pojazd zabytkowy jest historyczny, ale nie każdy pojazd historyczny jest zabytkowy. Oba przypadki nie wymagają OC, gdy nie uczestniczą w ruchu drogowym. Niektóre TU mają dla nich polisy 30 dniowe i dodatkowe zniżki, w Uniqa nie mamy. AC Europa Zakres ubezpieczenia AutoCasco możemy rozszerzyć o zdarzenia, które wstąpiły na terytorium pozostałych krajów europejskich, z zastrzeżeniem BRUM. BRUM - Kraje w których nie odpowiadamy za kradzież pojazdu. Białoruś Rosja Ukraina Mołdawia Zielona Karta Zielona karta- międzynarodowy certyfikat ubezpieczeniowy dla posiadacza pojazdu mechanicznego, świadczący o tym, że jest on objęty ubezpieczeniem odpowiedzialności cywilnej zgodnie z prawem ubezpieczeniowym obowiązującym w kraju, w którym jej posiadacz przebywa, a który należy do Systemu Zielonej Karty.
</results>
---------------------
Odpowiedz na pytanie użytkownika wykorzystując tylko informacje znajdujące się w dokumentach, a nie wcześniejszą wiedzę.
Udziel wysokiej jakości, poprawnej gramatycznie odpowiedzi w języku polskim. Odpowiedź powinna zawierać cytowania do dokumentów, z których pochodzą informacje. Zacytuj dokument za pomocą symbolu [nr_dokumentu] powołując się na fragment np. [1] dla fragmentu z dokumentu 1. Jeżeli w dokumentach nie ma informacji potrzebnych do odpowiedzi na pytanie, zamiast odpowiedzi zwróć tekst: ""Nie udało mi się odnaleźć odpowiedzi na pytanie"".

Pytanie: Co obejmuje ubezpieczenie autocasco?",Co obejmuje ubezpieczenie autocasco?,Czy to chroni ryzyko szkody mrozowe?,reformulate,Uniqa_test,Czy ubezpieczenie autocasco chroni przed szkodami mrozowymi?
Co obejmuje ubezpieczenie autocasco?,"Ubezpieczenie autocasco (AC) obejmuje ochronę przed szkodami powstałymi w wyniku:  
1. **wypadku i kolizji** z innymi pojazdami, osobami, zwierzętami lub przedmiotami znajdującymi się poza pojazdem [1][2],  
2. **uszkodzenia pojazdu** przez osoby trzecie lub zwierzęta [1][2],  
3. **kradzieży lub usiłowania kradzieży** pojazdu, jego części lub wyposażenia dodatkowego [1][2][3],  
4. **pożaru lub wybuchu** [1][2],  
5. **działania zjawisk atmosferycznych**, takich jak powodzie, huragany, grad, uderzenia pioruna, osuwanie się ziemi, lawiny itp. [1][2].  

Dodatkowo, w zakres AC wchodzą **szyby** [1][2]. Ochrona obejmuje również **wyposażenie dodatkowe** lub specjalne (w przypadku pojazdów specjalnych), jeśli zostało wskazane we wniosku ubezpieczeniowym i jest zamontowane na stałe [3][4].  

**Zakres terytorialny** obejmuje Polskę, z możliwością rozszerzenia na kraje europejskie (Polska+Europa) za dodatkową opłatą. Wyjątkiem są **Białoruś, Rosja, Ukraina i Mołdawia**, gdzie ubezpieczyciele nie odpowiadają za kradzież pojazdu [1][2][3].  

Warianty ubezpieczenia AC obejmują m.in.:  
- **Serwis ASO** (naprawa w autoryzowanych warsztatach z użyciem części oryginalnych),  
- **Warsztat** (naprawa w nieautoryzowanych warsztatach z częściami zamiennikami),  
- **Kosztorys** (likwidacja szkody na podstawie wyceny, z możliwością amortyzacji) [3].  

W niektórych przypadkach możliwe jest zastosowanie **Gwarantowanej Sumy Ubezpieczenia plus (GSU+)** dla nowych pojazdów [3].","Numerowana lista dokumentów jest poniżej:
---------------------
<results>
Dokument: 1
BAZA WIEDZY KOMUNIKACJA
AutoCasco-Co to jest ubezpieczenie ac i co obejmuje?
Baza wiedzy komunikacyjna związana z ubezpieczeniami i odszkodowaniami pojazdów.
AutoCasco - Co to jest ubezpieczenie ac i co obejmuje?

Ubezpieczenie AC obejmuje swoją ochroną szkody powstałe w wyniku:
wypadku i kolizji z innymi pojazdami, osobami, zwierzętami czy przedmiotami znajdującymi się poza pojazdem,
uszkodzenia pojazdu przez osoby trzecie lub zwierzęta,
kradzieży lub usiłowania kradzieży pojazdu, jego części lub tzw. wyposażenia dodatkowego,
pożaru lub wybuchu,
działania zjawisk atmosferycznych, do których zaliczamy m.in. powodzie, zatopienia, huragany, grad, uderzenia pioruna, osuwanie bądź zapadanie się ziemi, lawiny, itp.
W zakres ubezpieczenia AC wchodzą: szyby  
Zakres terytorialny AC to Polska z możliwością rozszerzenia POLSKA+EUROPA za dodatkową opłatą.
Nie odpowiadamy za kradzież pojazdu na terytorium Białorusi, Rosji, Ukrainy oraz Mołdawii. 

Dokument: 2
BAZA WIEDZY DOK
Fragment 106
AutoCasco Co to jest ubezpieczenie ac i co obejmuje? Ubezpieczenie AC obejmuje swoją ochroną szkody powstałe w wyniku: wypadku i kolizji z innymi pojazdami, osobami, zwierzętami czy przedmiotami znajdującymi się poza pojazdem, uszkodzenia pojazdu przez osoby trzecie lub zwierzęta, kradzieży lub usiłowania kradzieży pojazdu, jego części lub tzw. wyposażenia dodatkowego, pożaru lub wybuchu, działania zjawisk atmosferycznych, do których zaliczamy m.in. powodzie, zatopienia, huragany, grad, uderzenia pioruna, osuwanie bądź zapadanie się ziemi, lawiny, itp. W zakres ubezpieczenia AC wchodzą: szyby Zakres terytorialny AC to Polska z możliwością rozszerzenia POLSKA+EUROPA za dodatkową opłatą. Nie odpowiadamy za kradzież pojazdu na terytorium Białorusi, Rosji, Ukrainy oraz Mołdawii. Jakim pojazdom damy ac? samochody: osobowe terenowe ciężarowe do 3,5t (DMC) kempingowe pojazdy specjalne do 3,5t (DMC) Jakim pojazdom nie damy ac? używanych jak rekwizyty, sprowadzonych z USA lub Kanady, używanych do nauki jazdy, taksówek lub samochodów służących do przewozu pasażerów za opłatą, używanych do świadczenia odpłatnych usług przewozowych i transportowych, udostępnianych do korzystania innym osobom niż właściciel na podstawie odrębnych umów odpłatnych, z wyjątkiem umowy leasingu, składaków, nieposiadających ważnego badania technicznego, z kierownicą po prawej stronie, wywrotek, tj.

Dokument: 3
OWU_KOMUNIKACYJNE_UNIQA
I. UBEZPIECZENIE AUTOCASCO (AC)-3.	Jaki jest zakres ubezpieczenia?
Ogólne warunki ubezpieczenia komunikacyjnego związanego z ubezpieczaniem pojadów.
I. UBEZPIECZENIE AUTOCASCO (AC) - 3.	Jaki jest zakres ubezpieczenia?

		3.1.	Ochroną ubezpieczeniową obejmujemy szkody polegające na:
				a)	uszkodzeniu, zniszczeniu lub kradzieży pojazdu lub jego części,
				b)	uszkodzeniu, zniszczeniu lub kradzieży wyposażenia dodatkowego pojazdu lub wyposażenia specjalnego pojazdu specjalnego wskazanego we wniosku o zawarcie umowy ubezpieczenia,
		powstałe wskutek wszelkich nagłych i nieprzewidzianych zdarzeń, które miały miejsce w czasie trwania naszej odpowiedzialności z tytułu ubezpieczenia AC i wynikały z przyczyn zewnętrznych wobec pojazdu, z zastrzeżeniem wyłączeń wskazanych w pkt 5 i w rozdziale X pkt 5.
		3.2.	Ochroną ubezpieczeniową obejmujemy wypadki i kradzież, które wystąpiły na terytorium Polski.
		3.3.	Na Twój wniosek możemy rozszerzyć zakres ubezpieczenia o zdarzenia, które wystąpiły na terytorium pozostałych krajów europejskich, z zastrzeżeniem że nie odpowiadamy za kradzież pojazdu na terytorium Rosji, Białorusi, Ukrainy i Mołdawii.
		3.4.	Możesz wybrać jeden z następujących wariantów ubezpieczenia AC: Serwis ASO, Warsztat, Kosztorys bez amortyzacji, Kosztorys z amortyzacją (szczegóły w tabeli poniżej).
		
Warianty i pozostałe warunki ubezpieczenia AC
Serwis ASO
Warsztat
Kosztorys 
bez amortyzacji
Kosztorys 
z amortyzacją
Warsztat (naprawa 
w warsztacie)
Części użyte do likwidacji szkody
oryginalne
zamienniki
–
–
Amortyzacja
brak
brak
–
–
Stawka za roboczogodzinę
ASO
warsztat nieautoryzowany
–
–
Kosztorys (likwidacja szkody na kosztorys)
Części użyte do likwidacji szkody
zamienniki (w razie braku – 70% ceny części oryginalnej) 
zamienniki (w razie braku – 70% ceny części oryginalnej)
zamienniki (w razie braku – 70% ceny części oryginalnej)
zamienniki (w razie braku – 70% ceny części oryginalnej)
Amortyzacja
brak
brak
brak
tak
Stawka za roboczogodzinę
90 zł (brutto)
90 zł (brutto)
90 zł (brutto)
90 zł (brutto)
		
Warianty ubezpieczenia AC
Serwis ASO
Warsztat
Kosztorys 
bez amortyzacji
Kosztorys 
z amortyzacją
Gwarantowana suma ubezpieczenia plus (GSU+) dla pojazdów kupionych jako nowe 
w polskiej sieci sprzedaży
tak, w zakresie (bez dodatkowej składki) dla pojazdów z okresem eksploatacji od 0 do 3 lat
brak
brak
brak
opcja (za dodatkową składką) dla pojazdów z okresem eksploatacji od 4 do 10 lat
opcja (za dodatkową składką) dla pojazdów z okresem eksploatacji od 0 do 10 lat
brak
brak
Udział własny dla uszkodzenia 
lub zniszczenia
0, 500, 1000, 2000 
(zł)
0, 500, 1000, 2000 
(zł)
0, 500, 1000, 2000 (zł)
0, 500, 1000, 2000 (zł)
Udział własny dla kradzieży
0% albo 10%
0% albo 10%
0% albo 10%
0% albo 10%
Zakres terytorialny
Polska z możliwością rozszerzenia na pozostałe kraje europejskie
		

Dokument: 4
OWU_KOMUNIKACYJNE_UNIQA
I. UBEZPIECZENIE AUTOCASCO (AC)-1.	Co ubezpieczamy?
Ogólne warunki ubezpieczenia komunikacyjnego związanego z ubezpieczaniem pojadów.
I. UBEZPIECZENIE AUTOCASCO (AC) - 1.	Co ubezpieczamy?

		1.1.	Ubezpieczamy pojazdy, które stanowią własność:
				a)	osób fizycznych;
				b)	osób prawnych;
				c)	jednostek organizacyjnych nieposiadających osobowości prawnej.
		1.2.	Możemy ubezpieczyć wyposażenie dodatkowe pojazdu lub wyposażenie specjalne pojazdu specjalnego, które zostało wskazane przez Ciebie we wniosku o zawarcie umowy ubezpieczenia oraz jest zamontowane na stałe, a jego demontaż wymaga użycia narzędzi.

Dokument: 5
BAZA WIEDZY DOK
Fragment 120
Np. jest elementem prywatnej kolekcji małych niebieskich aut. Pojazd historyczny: Pojazd ma co najmniej 40 lat lub 25 lat i został uznany przez rzeczoznawcę samochodowego za pojazd unikatowy. W uproszczeniu każdy pojazd zabytkowy jest historyczny, ale nie każdy pojazd historyczny jest zabytkowy. Oba przypadki nie wymagają OC, gdy nie uczestniczą w ruchu drogowym. Niektóre TU mają dla nich polisy 30 dniowe i dodatkowe zniżki, w Uniqa nie mamy. AC Europa Zakres ubezpieczenia AutoCasco możemy rozszerzyć o zdarzenia, które wstąpiły na terytorium pozostałych krajów europejskich, z zastrzeżeniem BRUM. BRUM - Kraje w których nie odpowiadamy za kradzież pojazdu. Białoruś Rosja Ukraina Mołdawia Zielona Karta Zielona karta- międzynarodowy certyfikat ubezpieczeniowy dla posiadacza pojazdu mechanicznego, świadczący o tym, że jest on objęty ubezpieczeniem odpowiedzialności cywilnej zgodnie z prawem ubezpieczeniowym obowiązującym w kraju, w którym jej posiadacz przebywa, a który należy do Systemu Zielonej Karty.
</results>
---------------------
Odpowiedz na pytanie użytkownika wykorzystując tylko informacje znajdujące się w dokumentach, a nie wcześniejszą wiedzę.
Udziel wysokiej jakości, poprawnej gramatycznie odpowiedzi w języku polskim. Odpowiedź powinna zawierać cytowania do dokumentów, z których pochodzą informacje. Zacytuj dokument za pomocą symbolu [nr_dokumentu] powołując się na fragment np. [1] dla fragmentu z dokumentu 1. Jeżeli w dokumentach nie ma informacji potrzebnych do odpowiedzi na pytanie, zamiast odpowiedzi zwróć tekst: ""Nie udało mi się odnaleźć odpowiedzi na pytanie"".

Pytanie: Co obejmuje ubezpieczenie autocasco?",Co obejmuje ubezpieczenie autocasco?,Od czego chroni ryzyko szkody mrozowe?,not_reformulate,Uniqa_test,Od czego chroni ryzyko szkody mrozowe?
Co obejmuje ubezpieczenie autocasco?,"Ubezpieczenie autocasco (AC) obejmuje ochronę przed szkodami powstałymi w wyniku:  
1. **wypadku i kolizji** z innymi pojazdami, osobami, zwierzętami lub przedmiotami znajdującymi się poza pojazdem [1][2],  
2. **uszkodzenia pojazdu** przez osoby trzecie lub zwierzęta [1][2],  
3. **kradzieży lub usiłowania kradzieży** pojazdu, jego części lub wyposażenia dodatkowego [1][2][3],  
4. **pożaru lub wybuchu** [1][2],  
5. **działania zjawisk atmosferycznych**, takich jak powodzie, huragany, grad, uderzenia pioruna, osuwanie się ziemi, lawiny itp. [1][2].  

Dodatkowo, w zakres AC wchodzą **szyby** [1][2]. Ochrona obejmuje również **wyposażenie dodatkowe** lub specjalne (w przypadku pojazdów specjalnych), jeśli zostało wskazane we wniosku ubezpieczeniowym i jest zamontowane na stałe [3][4].  

**Zakres terytorialny** obejmuje Polskę, z możliwością rozszerzenia na kraje europejskie (Polska+Europa) za dodatkową opłatą. Wyjątkiem są **Białoruś, Rosja, Ukraina i Mołdawia**, gdzie ubezpieczyciele nie odpowiadają za kradzież pojazdu [1][2][3].  

Warianty ubezpieczenia AC obejmują m.in.:  
- **Serwis ASO** (naprawa w autoryzowanych warsztatach z użyciem części oryginalnych),  
- **Warsztat** (naprawa w nieautoryzowanych warsztatach z częściami zamiennikami),  
- **Kosztorys** (likwidacja szkody na podstawie wyceny, z możliwością amortyzacji) [3].  

W niektórych przypadkach możliwe jest zastosowanie **Gwarantowanej Sumy Ubezpieczenia plus (GSU+)** dla nowych pojazdów [3].","Numerowana lista dokumentów jest poniżej:
---------------------
<results>
Dokument: 1
BAZA WIEDZY KOMUNIKACJA
AutoCasco-Co to jest ubezpieczenie ac i co obejmuje?
Baza wiedzy komunikacyjna związana z ubezpieczeniami i odszkodowaniami pojazdów.
AutoCasco - Co to jest ubezpieczenie ac i co obejmuje?

Ubezpieczenie AC obejmuje swoją ochroną szkody powstałe w wyniku:
wypadku i kolizji z innymi pojazdami, osobami, zwierzętami czy przedmiotami znajdującymi się poza pojazdem,
uszkodzenia pojazdu przez osoby trzecie lub zwierzęta,
kradzieży lub usiłowania kradzieży pojazdu, jego części lub tzw. wyposażenia dodatkowego,
pożaru lub wybuchu,
działania zjawisk atmosferycznych, do których zaliczamy m.in. powodzie, zatopienia, huragany, grad, uderzenia pioruna, osuwanie bądź zapadanie się ziemi, lawiny, itp.
W zakres ubezpieczenia AC wchodzą: szyby  
Zakres terytorialny AC to Polska z możliwością rozszerzenia POLSKA+EUROPA za dodatkową opłatą.
Nie odpowiadamy za kradzież pojazdu na terytorium Białorusi, Rosji, Ukrainy oraz Mołdawii. 

Dokument: 2
BAZA WIEDZY DOK
Fragment 106
AutoCasco Co to jest ubezpieczenie ac i co obejmuje? Ubezpieczenie AC obejmuje swoją ochroną szkody powstałe w wyniku: wypadku i kolizji z innymi pojazdami, osobami, zwierzętami czy przedmiotami znajdującymi się poza pojazdem, uszkodzenia pojazdu przez osoby trzecie lub zwierzęta, kradzieży lub usiłowania kradzieży pojazdu, jego części lub tzw. wyposażenia dodatkowego, pożaru lub wybuchu, działania zjawisk atmosferycznych, do których zaliczamy m.in. powodzie, zatopienia, huragany, grad, uderzenia pioruna, osuwanie bądź zapadanie się ziemi, lawiny, itp. W zakres ubezpieczenia AC wchodzą: szyby Zakres terytorialny AC to Polska z możliwością rozszerzenia POLSKA+EUROPA za dodatkową opłatą. Nie odpowiadamy za kradzież pojazdu na terytorium Białorusi, Rosji, Ukrainy oraz Mołdawii. Jakim pojazdom damy ac? samochody: osobowe terenowe ciężarowe do 3,5t (DMC) kempingowe pojazdy specjalne do 3,5t (DMC) Jakim pojazdom nie damy ac? używanych jak rekwizyty, sprowadzonych z USA lub Kanady, używanych do nauki jazdy, taksówek lub samochodów służących do przewozu pasażerów za opłatą, używanych do świadczenia odpłatnych usług przewozowych i transportowych, udostępnianych do korzystania innym osobom niż właściciel na podstawie odrębnych umów odpłatnych, z wyjątkiem umowy leasingu, składaków, nieposiadających ważnego badania technicznego, z kierownicą po prawej stronie, wywrotek, tj.

Dokument: 3
OWU_KOMUNIKACYJNE_UNIQA
I. UBEZPIECZENIE AUTOCASCO (AC)-3.	Jaki jest zakres ubezpieczenia?
Ogólne warunki ubezpieczenia komunikacyjnego związanego z ubezpieczaniem pojadów.
I. UBEZPIECZENIE AUTOCASCO (AC) - 3.	Jaki jest zakres ubezpieczenia?

		3.1.	Ochroną ubezpieczeniową obejmujemy szkody polegające na:
				a)	uszkodzeniu, zniszczeniu lub kradzieży pojazdu lub jego części,
				b)	uszkodzeniu, zniszczeniu lub kradzieży wyposażenia dodatkowego pojazdu lub wyposażenia specjalnego pojazdu specjalnego wskazanego we wniosku o zawarcie umowy ubezpieczenia,
		powstałe wskutek wszelkich nagłych i nieprzewidzianych zdarzeń, które miały miejsce w czasie trwania naszej odpowiedzialności z tytułu ubezpieczenia AC i wynikały z przyczyn zewnętrznych wobec pojazdu, z zastrzeżeniem wyłączeń wskazanych w pkt 5 i w rozdziale X pkt 5.
		3.2.	Ochroną ubezpieczeniową obejmujemy wypadki i kradzież, które wystąpiły na terytorium Polski.
		3.3.	Na Twój wniosek możemy rozszerzyć zakres ubezpieczenia o zdarzenia, które wystąpiły na terytorium pozostałych krajów europejskich, z zastrzeżeniem że nie odpowiadamy za kradzież pojazdu na terytorium Rosji, Białorusi, Ukrainy i Mołdawii.
		3.4.	Możesz wybrać jeden z następujących wariantów ubezpieczenia AC: Serwis ASO, Warsztat, Kosztorys bez amortyzacji, Kosztorys z amortyzacją (szczegóły w tabeli poniżej).
		
Warianty i pozostałe warunki ubezpieczenia AC
Serwis ASO
Warsztat
Kosztorys 
bez amortyzacji
Kosztorys 
z amortyzacją
Warsztat (naprawa 
w warsztacie)
Części użyte do likwidacji szkody
oryginalne
zamienniki
–
–
Amortyzacja
brak
brak
–
–
Stawka za roboczogodzinę
ASO
warsztat nieautoryzowany
–
–
Kosztorys (likwidacja szkody na kosztorys)
Części użyte do likwidacji szkody
zamienniki (w razie braku – 70% ceny części oryginalnej) 
zamienniki (w razie braku – 70% ceny części oryginalnej)
zamienniki (w razie braku – 70% ceny części oryginalnej)
zamienniki (w razie braku – 70% ceny części oryginalnej)
Amortyzacja
brak
brak
brak
tak
Stawka za roboczogodzinę
90 zł (brutto)
90 zł (brutto)
90 zł (brutto)
90 zł (brutto)
		
Warianty ubezpieczenia AC
Serwis ASO
Warsztat
Kosztorys 
bez amortyzacji
Kosztorys 
z amortyzacją
Gwarantowana suma ubezpieczenia plus (GSU+) dla pojazdów kupionych jako nowe 
w polskiej sieci sprzedaży
tak, w zakresie (bez dodatkowej składki) dla pojazdów z okresem eksploatacji od 0 do 3 lat
brak
brak
brak
opcja (za dodatkową składką) dla pojazdów z okresem eksploatacji od 4 do 10 lat
opcja (za dodatkową składką) dla pojazdów z okresem eksploatacji od 0 do 10 lat
brak
brak
Udział własny dla uszkodzenia 
lub zniszczenia
0, 500, 1000, 2000 
(zł)
0, 500, 1000, 2000 
(zł)
0, 500, 1000, 2000 (zł)
0, 500, 1000, 2000 (zł)
Udział własny dla kradzieży
0% albo 10%
0% albo 10%
0% albo 10%
0% albo 10%
Zakres terytorialny
Polska z możliwością rozszerzenia na pozostałe kraje europejskie
		

Dokument: 4
OWU_KOMUNIKACYJNE_UNIQA
I. UBEZPIECZENIE AUTOCASCO (AC)-1.	Co ubezpieczamy?
Ogólne warunki ubezpieczenia komunikacyjnego związanego z ubezpieczaniem pojadów.
I. UBEZPIECZENIE AUTOCASCO (AC) - 1.	Co ubezpieczamy?

		1.1.	Ubezpieczamy pojazdy, które stanowią własność:
				a)	osób fizycznych;
				b)	osób prawnych;
				c)	jednostek organizacyjnych nieposiadających osobowości prawnej.
		1.2.	Możemy ubezpieczyć wyposażenie dodatkowe pojazdu lub wyposażenie specjalne pojazdu specjalnego, które zostało wskazane przez Ciebie we wniosku o zawarcie umowy ubezpieczenia oraz jest zamontowane na stałe, a jego demontaż wymaga użycia narzędzi.

Dokument: 5
BAZA WIEDZY DOK
Fragment 120
Np. jest elementem prywatnej kolekcji małych niebieskich aut. Pojazd historyczny: Pojazd ma co najmniej 40 lat lub 25 lat i został uznany przez rzeczoznawcę samochodowego za pojazd unikatowy. W uproszczeniu każdy pojazd zabytkowy jest historyczny, ale nie każdy pojazd historyczny jest zabytkowy. Oba przypadki nie wymagają OC, gdy nie uczestniczą w ruchu drogowym. Niektóre TU mają dla nich polisy 30 dniowe i dodatkowe zniżki, w Uniqa nie mamy. AC Europa Zakres ubezpieczenia AutoCasco możemy rozszerzyć o zdarzenia, które wstąpiły na terytorium pozostałych krajów europejskich, z zastrzeżeniem BRUM. BRUM - Kraje w których nie odpowiadamy za kradzież pojazdu. Białoruś Rosja Ukraina Mołdawia Zielona Karta Zielona karta- międzynarodowy certyfikat ubezpieczeniowy dla posiadacza pojazdu mechanicznego, świadczący o tym, że jest on objęty ubezpieczeniem odpowiedzialności cywilnej zgodnie z prawem ubezpieczeniowym obowiązującym w kraju, w którym jej posiadacz przebywa, a który należy do Systemu Zielonej Karty.
</results>
---------------------
Odpowiedz na pytanie użytkownika wykorzystując tylko informacje znajdujące się w dokumentach, a nie wcześniejszą wiedzę.
Udziel wysokiej jakości, poprawnej gramatycznie odpowiedzi w języku polskim. Odpowiedź powinna zawierać cytowania do dokumentów, z których pochodzą informacje. Zacytuj dokument za pomocą symbolu [nr_dokumentu] powołując się na fragment np. [1] dla fragmentu z dokumentu 1. Jeżeli w dokumentach nie ma informacji potrzebnych do odpowiedzi na pytanie, zamiast odpowiedzi zwróć tekst: ""Nie udało mi się odnaleźć odpowiedzi na pytanie"".

Pytanie: Co obejmuje ubezpieczenie autocasco?",Co obejmuje ubezpieczenie autocasco?,Do kiedy klient może to doubezpieczyć?,reformulate,Uniqa_test,Do kiedy klient może rozszerzyć zakres ubezpieczenia o autocasco?
Co obejmuje ubezpieczenie autocasco?,"Ubezpieczenie autocasco (AC) obejmuje ochronę przed szkodami powstałymi w wyniku:  
1. **wypadku i kolizji** z innymi pojazdami, osobami, zwierzętami lub przedmiotami znajdującymi się poza pojazdem [1][2],  
2. **uszkodzenia pojazdu** przez osoby trzecie lub zwierzęta [1][2],  
3. **kradzieży lub usiłowania kradzieży** pojazdu, jego części lub wyposażenia dodatkowego [1][2][3],  
4. **pożaru lub wybuchu** [1][2],  
5. **działania zjawisk atmosferycznych**, takich jak powodzie, huragany, grad, uderzenia pioruna, osuwanie się ziemi, lawiny itp. [1][2].  

Dodatkowo, w zakres AC wchodzą **szyby** [1][2]. Ochrona obejmuje również **wyposażenie dodatkowe** lub specjalne (w przypadku pojazdów specjalnych), jeśli zostało wskazane we wniosku ubezpieczeniowym i jest zamontowane na stałe [3][4].  

**Zakres terytorialny** obejmuje Polskę, z możliwością rozszerzenia na kraje europejskie (Polska+Europa) za dodatkową opłatą. Wyjątkiem są **Białoruś, Rosja, Ukraina i Mołdawia**, gdzie ubezpieczyciele nie odpowiadają za kradzież pojazdu [1][2][3].  

Warianty ubezpieczenia AC obejmują m.in.:  
- **Serwis ASO** (naprawa w autoryzowanych warsztatach z użyciem części oryginalnych),  
- **Warsztat** (naprawa w nieautoryzowanych warsztatach z częściami zamiennikami),  
- **Kosztorys** (likwidacja szkody na podstawie wyceny, z możliwością amortyzacji) [3].  

W niektórych przypadkach możliwe jest zastosowanie **Gwarantowanej Sumy Ubezpieczenia plus (GSU+)** dla nowych pojazdów [3].","Numerowana lista dokumentów jest poniżej:
---------------------
<results>
Dokument: 1
BAZA WIEDZY KOMUNIKACJA
AutoCasco-Co to jest ubezpieczenie ac i co obejmuje?
Baza wiedzy komunikacyjna związana z ubezpieczeniami i odszkodowaniami pojazdów.
AutoCasco - Co to jest ubezpieczenie ac i co obejmuje?

Ubezpieczenie AC obejmuje swoją ochroną szkody powstałe w wyniku:
wypadku i kolizji z innymi pojazdami, osobami, zwierzętami czy przedmiotami znajdującymi się poza pojazdem,
uszkodzenia pojazdu przez osoby trzecie lub zwierzęta,
kradzieży lub usiłowania kradzieży pojazdu, jego części lub tzw. wyposażenia dodatkowego,
pożaru lub wybuchu,
działania zjawisk atmosferycznych, do których zaliczamy m.in. powodzie, zatopienia, huragany, grad, uderzenia pioruna, osuwanie bądź zapadanie się ziemi, lawiny, itp.
W zakres ubezpieczenia AC wchodzą: szyby  
Zakres terytorialny AC to Polska z możliwością rozszerzenia POLSKA+EUROPA za dodatkową opłatą.
Nie odpowiadamy za kradzież pojazdu na terytorium Białorusi, Rosji, Ukrainy oraz Mołdawii. 

Dokument: 2
BAZA WIEDZY DOK
Fragment 106
AutoCasco Co to jest ubezpieczenie ac i co obejmuje? Ubezpieczenie AC obejmuje swoją ochroną szkody powstałe w wyniku: wypadku i kolizji z innymi pojazdami, osobami, zwierzętami czy przedmiotami znajdującymi się poza pojazdem, uszkodzenia pojazdu przez osoby trzecie lub zwierzęta, kradzieży lub usiłowania kradzieży pojazdu, jego części lub tzw. wyposażenia dodatkowego, pożaru lub wybuchu, działania zjawisk atmosferycznych, do których zaliczamy m.in. powodzie, zatopienia, huragany, grad, uderzenia pioruna, osuwanie bądź zapadanie się ziemi, lawiny, itp. W zakres ubezpieczenia AC wchodzą: szyby Zakres terytorialny AC to Polska z możliwością rozszerzenia POLSKA+EUROPA za dodatkową opłatą. Nie odpowiadamy za kradzież pojazdu na terytorium Białorusi, Rosji, Ukrainy oraz Mołdawii. Jakim pojazdom damy ac? samochody: osobowe terenowe ciężarowe do 3,5t (DMC) kempingowe pojazdy specjalne do 3,5t (DMC) Jakim pojazdom nie damy ac? używanych jak rekwizyty, sprowadzonych z USA lub Kanady, używanych do nauki jazdy, taksówek lub samochodów służących do przewozu pasażerów za opłatą, używanych do świadczenia odpłatnych usług przewozowych i transportowych, udostępnianych do korzystania innym osobom niż właściciel na podstawie odrębnych umów odpłatnych, z wyjątkiem umowy leasingu, składaków, nieposiadających ważnego badania technicznego, z kierownicą po prawej stronie, wywrotek, tj.

Dokument: 3
OWU_KOMUNIKACYJNE_UNIQA
I. UBEZPIECZENIE AUTOCASCO (AC)-3.	Jaki jest zakres ubezpieczenia?
Ogólne warunki ubezpieczenia komunikacyjnego związanego z ubezpieczaniem pojadów.
I. UBEZPIECZENIE AUTOCASCO (AC) - 3.	Jaki jest zakres ubezpieczenia?

		3.1.	Ochroną ubezpieczeniową obejmujemy szkody polegające na:
				a)	uszkodzeniu, zniszczeniu lub kradzieży pojazdu lub jego części,
				b)	uszkodzeniu, zniszczeniu lub kradzieży wyposażenia dodatkowego pojazdu lub wyposażenia specjalnego pojazdu specjalnego wskazanego we wniosku o zawarcie umowy ubezpieczenia,
		powstałe wskutek wszelkich nagłych i nieprzewidzianych zdarzeń, które miały miejsce w czasie trwania naszej odpowiedzialności z tytułu ubezpieczenia AC i wynikały z przyczyn zewnętrznych wobec pojazdu, z zastrzeżeniem wyłączeń wskazanych w pkt 5 i w rozdziale X pkt 5.
		3.2.	Ochroną ubezpieczeniową obejmujemy wypadki i kradzież, które wystąpiły na terytorium Polski.
		3.3.	Na Twój wniosek możemy rozszerzyć zakres ubezpieczenia o zdarzenia, które wystąpiły na terytorium pozostałych krajów europejskich, z zastrzeżeniem że nie odpowiadamy za kradzież pojazdu na terytorium Rosji, Białorusi, Ukrainy i Mołdawii.
		3.4.	Możesz wybrać jeden z następujących wariantów ubezpieczenia AC: Serwis ASO, Warsztat, Kosztorys bez amortyzacji, Kosztorys z amortyzacją (szczegóły w tabeli poniżej).
		
Warianty i pozostałe warunki ubezpieczenia AC
Serwis ASO
Warsztat
Kosztorys 
bez amortyzacji
Kosztorys 
z amortyzacją
Warsztat (naprawa 
w warsztacie)
Części użyte do likwidacji szkody
oryginalne
zamienniki
–
–
Amortyzacja
brak
brak
–
–
Stawka za roboczogodzinę
ASO
warsztat nieautoryzowany
–
–
Kosztorys (likwidacja szkody na kosztorys)
Części użyte do likwidacji szkody
zamienniki (w razie braku – 70% ceny części oryginalnej) 
zamienniki (w razie braku – 70% ceny części oryginalnej)
zamienniki (w razie braku – 70% ceny części oryginalnej)
zamienniki (w razie braku – 70% ceny części oryginalnej)
Amortyzacja
brak
brak
brak
tak
Stawka za roboczogodzinę
90 zł (brutto)
90 zł (brutto)
90 zł (brutto)
90 zł (brutto)
		
Warianty ubezpieczenia AC
Serwis ASO
Warsztat
Kosztorys 
bez amortyzacji
Kosztorys 
z amortyzacją
Gwarantowana suma ubezpieczenia plus (GSU+) dla pojazdów kupionych jako nowe 
w polskiej sieci sprzedaży
tak, w zakresie (bez dodatkowej składki) dla pojazdów z okresem eksploatacji od 0 do 3 lat
brak
brak
brak
opcja (za dodatkową składką) dla pojazdów z okresem eksploatacji od 4 do 10 lat
opcja (za dodatkową składką) dla pojazdów z okresem eksploatacji od 0 do 10 lat
brak
brak
Udział własny dla uszkodzenia 
lub zniszczenia
0, 500, 1000, 2000 
(zł)
0, 500, 1000, 2000 
(zł)
0, 500, 1000, 2000 (zł)
0, 500, 1000, 2000 (zł)
Udział własny dla kradzieży
0% albo 10%
0% albo 10%
0% albo 10%
0% albo 10%
Zakres terytorialny
Polska z możliwością rozszerzenia na pozostałe kraje europejskie
		

Dokument: 4
OWU_KOMUNIKACYJNE_UNIQA
I. UBEZPIECZENIE AUTOCASCO (AC)-1.	Co ubezpieczamy?
Ogólne warunki ubezpieczenia komunikacyjnego związanego z ubezpieczaniem pojadów.
I. UBEZPIECZENIE AUTOCASCO (AC) - 1.	Co ubezpieczamy?

		1.1.	Ubezpieczamy pojazdy, które stanowią własność:
				a)	osób fizycznych;
				b)	osób prawnych;
				c)	jednostek organizacyjnych nieposiadających osobowości prawnej.
		1.2.	Możemy ubezpieczyć wyposażenie dodatkowe pojazdu lub wyposażenie specjalne pojazdu specjalnego, które zostało wskazane przez Ciebie we wniosku o zawarcie umowy ubezpieczenia oraz jest zamontowane na stałe, a jego demontaż wymaga użycia narzędzi.

Dokument: 5
BAZA WIEDZY DOK
Fragment 120
Np. jest elementem prywatnej kolekcji małych niebieskich aut. Pojazd historyczny: Pojazd ma co najmniej 40 lat lub 25 lat i został uznany przez rzeczoznawcę samochodowego za pojazd unikatowy. W uproszczeniu każdy pojazd zabytkowy jest historyczny, ale nie każdy pojazd historyczny jest zabytkowy. Oba przypadki nie wymagają OC, gdy nie uczestniczą w ruchu drogowym. Niektóre TU mają dla nich polisy 30 dniowe i dodatkowe zniżki, w Uniqa nie mamy. AC Europa Zakres ubezpieczenia AutoCasco możemy rozszerzyć o zdarzenia, które wstąpiły na terytorium pozostałych krajów europejskich, z zastrzeżeniem BRUM. BRUM - Kraje w których nie odpowiadamy za kradzież pojazdu. Białoruś Rosja Ukraina Mołdawia Zielona Karta Zielona karta- międzynarodowy certyfikat ubezpieczeniowy dla posiadacza pojazdu mechanicznego, świadczący o tym, że jest on objęty ubezpieczeniem odpowiedzialności cywilnej zgodnie z prawem ubezpieczeniowym obowiązującym w kraju, w którym jej posiadacz przebywa, a który należy do Systemu Zielonej Karty.
</results>
---------------------
Odpowiedz na pytanie użytkownika wykorzystując tylko informacje znajdujące się w dokumentach, a nie wcześniejszą wiedzę.
Udziel wysokiej jakości, poprawnej gramatycznie odpowiedzi w języku polskim. Odpowiedź powinna zawierać cytowania do dokumentów, z których pochodzą informacje. Zacytuj dokument za pomocą symbolu [nr_dokumentu] powołując się na fragment np. [1] dla fragmentu z dokumentu 1. Jeżeli w dokumentach nie ma informacji potrzebnych do odpowiedzi na pytanie, zamiast odpowiedzi zwróć tekst: ""Nie udało mi się odnaleźć odpowiedzi na pytanie"".

Pytanie: Co obejmuje ubezpieczenie autocasco?",Co obejmuje ubezpieczenie autocasco?,Co obejmuje bagaż i foteliki?,not_reformulate,Uniqa_test,Jakie ubezpieczenie obejmuje bagaż i foteliki?
Jak przebiega rejestracja szkody?,"Rejestracja szkody przebiega w zależności od rodzaju szkody i portfela, z którego pochodzi polisa. Poniżej przedstawiono szczegóły procesu:

1. **Szkody z portfela exAXA** są rejestrowane na formularzach wewnętrznych, natomiast **szkody z portfela exUniqa** – w narzędziu Claims Management [1].  
2. **Szkody z polis komunikacyjnych OC** wymagają następujących informacji:  
   - data wystąpienia szkody,  
   - numer polisy sprawcy (lub próba odszukania polisy po numerze rejestracyjnym/numerze VIN pojazdu, jeśli zgłaszający nie zna numeru polisy),  
   - dane pojazdów (numer rejestracyjny, marka, model, VIN – jeśli dotyczy),  
   - dane kierowcy sprawcy (jeśli szkoda dotyczy pojazdu w ruchu),  
   - numer rachunku bankowego (o ile jest znany zgłaszającemu) [1][3].  
3. **Szkody majątkowe** (np. z polis *Twoje Miejsce* lub *Pakiet dla Spółdzielni Mieszkaniowych*) obejmują:  
   - datę szkody,  
   - dane dotyczące szkody (adres, rodzaj, przyczyna, opis uszkodzeń),  
   - dane kontaktowe i osobowe poszkodowanego, zgłaszającego oraz sprawcy (w tym PESEL/REGON dla firm),  
   - informację o rachunku bankowym [4][5].  
4. **Szkody osobowe (NNW)** wymagają:  
   - daty szkody,  
   - miejsca i opisu zdarzenia,  
   - opisu obrażeń,  
   - danych osobowych i kontaktowych poszkodowanego/reprezentanta,  
   - numeru rachunku bankowego do wypłaty odszkodowania [3].  

Rejestracja odbywa się na aplikacji **CLAIMS** (dla szkód osobowych, majątkowych lub OC z działalności) lub na wewnętrznych formularzach (dla szkód majątkowych z portfela exAXA) [3][4]. W przypadku szkód z polis exUniqa korzysta się z **Claims Management** [5].  

Dodatkowo, po rejestracji szkody majątkowej, klient może otrzymać automatyczny link do samolikwidacji (ścieżka AWALS) lub kontakt od likwidatora (ścieżka UPR) w ciągu 7 dni [2]. W przypadku oględzin tradycyjnych (np. INOTIS, SIMTECH) czas oczekiwania wynosi 7 dni od zgłoszenia [2].","Numerowana lista dokumentów jest poniżej:
---------------------
<results>
Dokument: 1
Procedura_telefonicznej_obsługi_klienta_zgłoszenie_szkody
Fragment 23
10. Rejestracja szkód 10.1. Rejestracja szkód – informacje ogólne 10.1.1. Szkody rejestrujemy na dwa sposoby, w zależności od portfela, z którego pochodzą polisy, do których zgłaszane są szkody. Korzystamy z formularzy wewnętrznych oraz z narzędzia Claims Management: ▪ szkody z portfela exAXA – rejestrujemy na formularzach wewnętrznych ▪ szkody z portfela exUniqa – rejestrujemy w narzędziu Claims Management 10.2. Zgłoszenie szkody - polisa komunikacyjna OC 10.2.1. Rejestracja szkody z polisy komunikacyjnej OC odbywa się w sytuacji, w której poszkodowany lub reprezentant, pełnomocnik poszkodowanego, broker, agent współpracujący z UNIQA zgłasza szkodę z polisy komunikacyjnej OC sprawcy ubezpieczonego w UNIQA. 10.2.2. Informacje wymagane do zarejestrowania szkody: ▪ data wystąpienia szkody ▪ numer polisy sprawcy (jeżeli zgłaszający nie posiada numeru polisy lub wskazuje nieaktualną na dzień zdarzenia, podejmujemy próbę odszukania prawidłowej polisy po numerze rejestracyjnym lub numerze VIN pojazdu sprawcy - jeżeli jest on znany zgłaszającemu) ▪ informacje dot.

Dokument: 2
Procedura telefonicznej obsługi klienta_status szkody majątkowej_ver.2.0
Fragment 15
Jeśli w aktach/sprawach pod szkodą znajduje się już pismo 30-dniowe – Specjalista przekazuje klientowi treść pisma. Jaki jest czas oczekiwania na kontakt po rejestracji szkody? – Specjalista informuje, że rejestracji szkody przeprowadzamy postępowanie likwidacyjne mające na celu rzetelne rozpatrzenie zgłoszonych roszczeń. Roszczenia rozpatrujemy w terminie 30dni od ich zgłoszenia: w przypadku konieczności wykonania oględzin miejsca szkody w terminie 7 dni od zgłoszenia powinien skontaktować się rzeczoznawca, w przypadku ścieżki AWALS - w dniu rejestracji klient otrzyma link do samolikwidacji AWALS, link jest ważny 48h. w przypadku ścieżki UPR - do 7 dni likwidator skontaktuje się z klientem lub prześle pismo / decyzje - na wskazany adres email. Kiedy nastąpią oględziny? TIA: Specjalista wybiera przycisk „Sprawy” i wyszukuje zadanie „z Data/Rodzaj oględzin”. Rodzaje oględzin: AWALS - samolikwidacja klienta - link wysyłany jest automatycznie po zarejestrowaniu szkody INOTIS/SIMTECH/TWNET - inspekcja tradycyjna - Czas oczekiwania na przyjazd rzeczoznawcy to 7 dni od zgłoszenia szkody. Jeżeli klient informuje o braku kontaktu ze strony rzeczoznawcy, Specjalista weryfikuje czy dane teleadresowe klienta są poprawne.

Dokument: 3
Procedura_telefonicznej_obsługi_klienta_zgłoszenie_szkody
Fragment 33
E ▪ kierowca sprawca- o ile szkoda z pojazdem w ruchu ▪ dane pojazdu poszkodowanego: ─ numer rejestracyjny, marka i model, VIN - o ile szkoda na pojeździe ▪ dane pojazdu sprawcy: ─ numer rejestracyjny, marka i model, VIN - o ile szkoda na pojeździe ▪ numer rachunku bankowego - o ile jest znany zgłaszającemu 10.12.3. Szkodę rejestrujemy na aplikacji CLAIMS Procedura telefonicznej obsługi klienta – zgłoszenie szkody _ _ Dział Obsługi Klienta – Zespół Obsługi Ubezpieczeń Indywidualnych 3 19 10.13. Zgłoszenie szkody- Bezpieczna Rodzina NNW 10.13.1. Rejestracja szkody osobowej z polis NNW odbywa się w sytuacji, w której poszkodowany lub reprezentant (rodzic, opiekun prawny małoletniego), pełnomocnik poszkodowanego zgłasza trwały uszczerbek na zdrowiu 10.13.2. Informacje wymagane do zarejestrowania szkody: ▪ data szkody, ▪ miejsce zdarzenia, ▪ opis zdarzenia, ▪ opis obrażeń, ▪ dane kontaktowe poszkodowanego/reprezentanta ▪ dane osobowe i adresowe poszkodowanego- imię i nazwisko, nr telefonu, adres e- mail, , adres zamieszkania, PESEL ▪ numer rachunku bankowego do wypłaty odszkodowania. 10.13.3. Szkodę rejestrujemy na aplikacji CLAIMS 10.14. Pozostałe przypadki – szkody osobowe / NNW / życiowe 10.14.1. W przypadku pozostałych szkód informujemy klienta, że jedyną możliwością zgłoszenia szkody/roszczenia jest wypełnienie formularza na naszej stronie internetowej.

Dokument: 4
Procedura_telefonicznej_obsługi_klienta_zgłoszenie_szkody
Fragment 29
Szkodę rejestrujemy w aplikacji CLAIMS Procedura telefonicznej obsługi klienta – zgłoszenie szkody _ _ Dział Obsługi Klienta – Zespół Obsługi Ubezpieczeń Indywidualnych 3 11 10.8. Zgłoszenie szkody - polisa Twoje Miejsce 10.8.1. Rejestracja szkody z polisy majątkowej lub odpowiedzialności cywilnej odbywa się w sytuacji, w której poszkodowany lub reprezentant poszkodowanego (broker, agent współpracujący z UNIQA) zgłasza szkodę z polisy majątkowej lub odpowiedzialności cywilnej sprawcy ubezpieczonego w UNIQA. 10.8.2. Informacje wymagane do zarejestrowania szkody: ▪ data szkody, ▪ dane dotyczycące szkody: adres, rodzaj szkody, przyczyna szkody, opis uszkodzeń, ▪ dane kontaktowe poszkodowanego: telefon, adres e-mail, ▪ dane osobowe i adresowe kontrahentów: ▪ dane poszkodowanego lokatora: imię, nazwisko, adres zamieszkania, nr PESEL poszkodowanego – o ile jest znany zgłaszającemu, ▪ zgłaszający - imię i nazwisko, lub dane brokera, agenta współpracującego, pełnomocnika, reprezentanta ▪ sprawca - imię i nazwisko, nr telefonu, adres e-mail, adres zamieszkania, PESEL – o ile występuje ▪ informację o rachunku bankowym. 10.8.3. Szkodę rejestrujemy na formularzu wewnętrznym pod adresem: ▪ https://kubelb/intsvc/ui/real-estate/property-claim?type=exlu – polisy exAXA i obecne ▪ https://kubelb/intsvc/ui/real-estate/property-claim?type=mbank – polisy zawierane przez mBank https://kubelb/intsvc/ui/real-estate/property-claim?type=exlu https://kubelb/intsvc/ui/real-estate/property-claim?type=mbank Procedura telefonicznej obsługi klienta – zgłoszenie szkody _ _ Dział Obsługi Klienta – Zespół Obsługi Ubezpieczeń Indywidualnych 3 12 10.9. Zgłoszenie szkody- Pakiet dla Spółdzielni Mieszkaniowych, Pakiet dla Wspólnot Mieszkaniowych 10.9.1. Rejestracja szkody z polisy majątkowej odbywa się w sytuacji, w której poszkodowany, poszkodowana Spółdzielnia/Wspólnota mieszkaniowa lub reprezentant poszkodowanej Spółdzielni/ Wspólnoty Mieszkaniowej (broker współpracujący) zgłasza szkodę z polisy ubezpieczeniowej UNIQA 10.9.2.

Dokument: 5
Procedura_telefonicznej_obsługi_klienta_zgłoszenie_szkody
Fragment 30
Informacje wymagane do zarejestrowania szkody: ▪ data szkody, ▪ dane dotyczycące szkody: adres, rodzaj szkody, przyczyna szkody, opis uszkodzeń, ▪ dane kontaktowe poszkodowanego: telefon, adres e-mail, ▪ dane osobowe i adresowe kontrahentów: ▪ poszkodowany - imię i nazwisko/ nazwa firmy, nr telefonu, adres e-mail, adres zamieszkania/siedziby , PESEL/ REGON, ▪ zgłaszający - imię i nazwisko, lub dane brokera, agenta współpracującego, pełnomocnika, reprezentanta ▪ sprawca - imię i nazwisko/ nazwa firmy, nr telefonu, adres e-mail, adres zamieszkania/siedziby , PESEL/ REGON, ▪ informację o rachunku bankowym. 10.9.3. Szkodę rejestrujemy w aplikacji CLAIMS Procedura telefonicznej obsługi klienta – zgłoszenie szkody _ _ Dział Obsługi Klienta – Zespół Obsługi Ubezpieczeń Indywidualnych 3 13 10.10. Zgłoszenie szkody - polisy MSP, OC z tytułu prowadzenia działalności lub posiadania mienia 10.10.1. Rejestracja szkody z polisy odpowiedzialności cywilnej z tytułu prowadzenia działalności lub posiadania mienia odbywa się w sytuacji, w której poszkodowany lub reprezentant, pełnomocnik poszkodowanego, broker, agent współpracujący z UNIQA zgłasza szkodę z polisy podmiotu ubezpieczonego w UNIQA. 10.10.2. Informacje wymagane do zarejestrowania szkody: ▪ data szkody, ▪ dane dotyczycące szkody: adres, rodzaj szkody, przyczyna szkody, opis uszkodzeń, ▪ dane kontaktowe poszkodowanego: telefon, adres e-mail, ▪ dane osobowe i adresowe kontrahentów: ▪ poszkodowany - imię i nazwisko/ nazwa firmy, nr telefonu, adres e-mail, , adres zamieszkania/siedziby , PESEL/ REGON, ▪ zgłaszający - imię i nazwisko, lub dane brokera, agenta współpracującego, pełnomocnika, reprezentanta ▪ sprawca - imię i nazwisko/ nazwa firmy, nr telefonu, adres e-mail, adres zamieszkania/siedziby , PESEL/ REGON, ▪ informację o rachunku bankowym. 10.10.3. W przypadku szkód z polis exUniqa korzystamy z Claims Management, wybierając: Procedura telefonicznej obsługi klienta – zgłoszenie szkody _ _ Dział Obsługi Klienta – Zespół Obsługi Ubezpieczeń Indywidualnych 3 14 10.10.4.
</results>
---------------------
Odpowiedz na pytanie użytkownika wykorzystując tylko informacje znajdujące się w dokumentach, a nie wcześniejszą wiedzę.
Udziel wysokiej jakości, poprawnej gramatycznie odpowiedzi w języku polskim. Odpowiedź powinna zawierać cytowania do dokumentów, z których pochodzą informacje. Zacytuj dokument za pomocą symbolu [nr_dokumentu] powołując się na fragment np. [1] dla fragmentu z dokumentu 1. Jeżeli w dokumentach nie ma informacji potrzebnych do odpowiedzi na pytanie, zamiast odpowiedzi zwróć tekst: ""Nie udało mi się odnaleźć odpowiedzi na pytanie"".

Pytanie: Jak przebiega rejestracja szkody?",Jak przebiega rejestracja szkody?,A można to zrobić online?,reformulate,Uniqa_test,Czy można zarejestrować szkodę online?
Jak przebiega rejestracja szkody?,"Rejestracja szkody przebiega w zależności od rodzaju szkody i portfela, z którego pochodzi polisa. Poniżej przedstawiono szczegóły procesu:

1. **Szkody z portfela exAXA** są rejestrowane na formularzach wewnętrznych, natomiast **szkody z portfela exUniqa** – w narzędziu Claims Management [1].  
2. **Szkody z polis komunikacyjnych OC** wymagają następujących informacji:  
   - data wystąpienia szkody,  
   - numer polisy sprawcy (lub próba odszukania polisy po numerze rejestracyjnym/numerze VIN pojazdu, jeśli zgłaszający nie zna numeru polisy),  
   - dane pojazdów (numer rejestracyjny, marka, model, VIN – jeśli dotyczy),  
   - dane kierowcy sprawcy (jeśli szkoda dotyczy pojazdu w ruchu),  
   - numer rachunku bankowego (o ile jest znany zgłaszającemu) [1][3].  
3. **Szkody majątkowe** (np. z polis *Twoje Miejsce* lub *Pakiet dla Spółdzielni Mieszkaniowych*) obejmują:  
   - datę szkody,  
   - dane dotyczące szkody (adres, rodzaj, przyczyna, opis uszkodzeń),  
   - dane kontaktowe i osobowe poszkodowanego, zgłaszającego oraz sprawcy (w tym PESEL/REGON dla firm),  
   - informację o rachunku bankowym [4][5].  
4. **Szkody osobowe (NNW)** wymagają:  
   - daty szkody,  
   - miejsca i opisu zdarzenia,  
   - opisu obrażeń,  
   - danych osobowych i kontaktowych poszkodowanego/reprezentanta,  
   - numeru rachunku bankowego do wypłaty odszkodowania [3].  

Rejestracja odbywa się na aplikacji **CLAIMS** (dla szkód osobowych, majątkowych lub OC z działalności) lub na wewnętrznych formularzach (dla szkód majątkowych z portfela exAXA) [3][4]. W przypadku szkód z polis exUniqa korzysta się z **Claims Management** [5].  

Dodatkowo, po rejestracji szkody majątkowej, klient może otrzymać automatyczny link do samolikwidacji (ścieżka AWALS) lub kontakt od likwidatora (ścieżka UPR) w ciągu 7 dni [2]. W przypadku oględzin tradycyjnych (np. INOTIS, SIMTECH) czas oczekiwania wynosi 7 dni od zgłoszenia [2].","Numerowana lista dokumentów jest poniżej:
---------------------
<results>
Dokument: 1
Procedura_telefonicznej_obsługi_klienta_zgłoszenie_szkody
Fragment 23
10. Rejestracja szkód 10.1. Rejestracja szkód – informacje ogólne 10.1.1. Szkody rejestrujemy na dwa sposoby, w zależności od portfela, z którego pochodzą polisy, do których zgłaszane są szkody. Korzystamy z formularzy wewnętrznych oraz z narzędzia Claims Management: ▪ szkody z portfela exAXA – rejestrujemy na formularzach wewnętrznych ▪ szkody z portfela exUniqa – rejestrujemy w narzędziu Claims Management 10.2. Zgłoszenie szkody - polisa komunikacyjna OC 10.2.1. Rejestracja szkody z polisy komunikacyjnej OC odbywa się w sytuacji, w której poszkodowany lub reprezentant, pełnomocnik poszkodowanego, broker, agent współpracujący z UNIQA zgłasza szkodę z polisy komunikacyjnej OC sprawcy ubezpieczonego w UNIQA. 10.2.2. Informacje wymagane do zarejestrowania szkody: ▪ data wystąpienia szkody ▪ numer polisy sprawcy (jeżeli zgłaszający nie posiada numeru polisy lub wskazuje nieaktualną na dzień zdarzenia, podejmujemy próbę odszukania prawidłowej polisy po numerze rejestracyjnym lub numerze VIN pojazdu sprawcy - jeżeli jest on znany zgłaszającemu) ▪ informacje dot.

Dokument: 2
Procedura telefonicznej obsługi klienta_status szkody majątkowej_ver.2.0
Fragment 15
Jeśli w aktach/sprawach pod szkodą znajduje się już pismo 30-dniowe – Specjalista przekazuje klientowi treść pisma. Jaki jest czas oczekiwania na kontakt po rejestracji szkody? – Specjalista informuje, że rejestracji szkody przeprowadzamy postępowanie likwidacyjne mające na celu rzetelne rozpatrzenie zgłoszonych roszczeń. Roszczenia rozpatrujemy w terminie 30dni od ich zgłoszenia: w przypadku konieczności wykonania oględzin miejsca szkody w terminie 7 dni od zgłoszenia powinien skontaktować się rzeczoznawca, w przypadku ścieżki AWALS - w dniu rejestracji klient otrzyma link do samolikwidacji AWALS, link jest ważny 48h. w przypadku ścieżki UPR - do 7 dni likwidator skontaktuje się z klientem lub prześle pismo / decyzje - na wskazany adres email. Kiedy nastąpią oględziny? TIA: Specjalista wybiera przycisk „Sprawy” i wyszukuje zadanie „z Data/Rodzaj oględzin”. Rodzaje oględzin: AWALS - samolikwidacja klienta - link wysyłany jest automatycznie po zarejestrowaniu szkody INOTIS/SIMTECH/TWNET - inspekcja tradycyjna - Czas oczekiwania na przyjazd rzeczoznawcy to 7 dni od zgłoszenia szkody. Jeżeli klient informuje o braku kontaktu ze strony rzeczoznawcy, Specjalista weryfikuje czy dane teleadresowe klienta są poprawne.

Dokument: 3
Procedura_telefonicznej_obsługi_klienta_zgłoszenie_szkody
Fragment 33
E ▪ kierowca sprawca- o ile szkoda z pojazdem w ruchu ▪ dane pojazdu poszkodowanego: ─ numer rejestracyjny, marka i model, VIN - o ile szkoda na pojeździe ▪ dane pojazdu sprawcy: ─ numer rejestracyjny, marka i model, VIN - o ile szkoda na pojeździe ▪ numer rachunku bankowego - o ile jest znany zgłaszającemu 10.12.3. Szkodę rejestrujemy na aplikacji CLAIMS Procedura telefonicznej obsługi klienta – zgłoszenie szkody _ _ Dział Obsługi Klienta – Zespół Obsługi Ubezpieczeń Indywidualnych 3 19 10.13. Zgłoszenie szkody- Bezpieczna Rodzina NNW 10.13.1. Rejestracja szkody osobowej z polis NNW odbywa się w sytuacji, w której poszkodowany lub reprezentant (rodzic, opiekun prawny małoletniego), pełnomocnik poszkodowanego zgłasza trwały uszczerbek na zdrowiu 10.13.2. Informacje wymagane do zarejestrowania szkody: ▪ data szkody, ▪ miejsce zdarzenia, ▪ opis zdarzenia, ▪ opis obrażeń, ▪ dane kontaktowe poszkodowanego/reprezentanta ▪ dane osobowe i adresowe poszkodowanego- imię i nazwisko, nr telefonu, adres e- mail, , adres zamieszkania, PESEL ▪ numer rachunku bankowego do wypłaty odszkodowania. 10.13.3. Szkodę rejestrujemy na aplikacji CLAIMS 10.14. Pozostałe przypadki – szkody osobowe / NNW / życiowe 10.14.1. W przypadku pozostałych szkód informujemy klienta, że jedyną możliwością zgłoszenia szkody/roszczenia jest wypełnienie formularza na naszej stronie internetowej.

Dokument: 4
Procedura_telefonicznej_obsługi_klienta_zgłoszenie_szkody
Fragment 29
Szkodę rejestrujemy w aplikacji CLAIMS Procedura telefonicznej obsługi klienta – zgłoszenie szkody _ _ Dział Obsługi Klienta – Zespół Obsługi Ubezpieczeń Indywidualnych 3 11 10.8. Zgłoszenie szkody - polisa Twoje Miejsce 10.8.1. Rejestracja szkody z polisy majątkowej lub odpowiedzialności cywilnej odbywa się w sytuacji, w której poszkodowany lub reprezentant poszkodowanego (broker, agent współpracujący z UNIQA) zgłasza szkodę z polisy majątkowej lub odpowiedzialności cywilnej sprawcy ubezpieczonego w UNIQA. 10.8.2. Informacje wymagane do zarejestrowania szkody: ▪ data szkody, ▪ dane dotyczycące szkody: adres, rodzaj szkody, przyczyna szkody, opis uszkodzeń, ▪ dane kontaktowe poszkodowanego: telefon, adres e-mail, ▪ dane osobowe i adresowe kontrahentów: ▪ dane poszkodowanego lokatora: imię, nazwisko, adres zamieszkania, nr PESEL poszkodowanego – o ile jest znany zgłaszającemu, ▪ zgłaszający - imię i nazwisko, lub dane brokera, agenta współpracującego, pełnomocnika, reprezentanta ▪ sprawca - imię i nazwisko, nr telefonu, adres e-mail, adres zamieszkania, PESEL – o ile występuje ▪ informację o rachunku bankowym. 10.8.3. Szkodę rejestrujemy na formularzu wewnętrznym pod adresem: ▪ https://kubelb/intsvc/ui/real-estate/property-claim?type=exlu – polisy exAXA i obecne ▪ https://kubelb/intsvc/ui/real-estate/property-claim?type=mbank – polisy zawierane przez mBank https://kubelb/intsvc/ui/real-estate/property-claim?type=exlu https://kubelb/intsvc/ui/real-estate/property-claim?type=mbank Procedura telefonicznej obsługi klienta – zgłoszenie szkody _ _ Dział Obsługi Klienta – Zespół Obsługi Ubezpieczeń Indywidualnych 3 12 10.9. Zgłoszenie szkody- Pakiet dla Spółdzielni Mieszkaniowych, Pakiet dla Wspólnot Mieszkaniowych 10.9.1. Rejestracja szkody z polisy majątkowej odbywa się w sytuacji, w której poszkodowany, poszkodowana Spółdzielnia/Wspólnota mieszkaniowa lub reprezentant poszkodowanej Spółdzielni/ Wspólnoty Mieszkaniowej (broker współpracujący) zgłasza szkodę z polisy ubezpieczeniowej UNIQA 10.9.2.

Dokument: 5
Procedura_telefonicznej_obsługi_klienta_zgłoszenie_szkody
Fragment 30
Informacje wymagane do zarejestrowania szkody: ▪ data szkody, ▪ dane dotyczycące szkody: adres, rodzaj szkody, przyczyna szkody, opis uszkodzeń, ▪ dane kontaktowe poszkodowanego: telefon, adres e-mail, ▪ dane osobowe i adresowe kontrahentów: ▪ poszkodowany - imię i nazwisko/ nazwa firmy, nr telefonu, adres e-mail, adres zamieszkania/siedziby , PESEL/ REGON, ▪ zgłaszający - imię i nazwisko, lub dane brokera, agenta współpracującego, pełnomocnika, reprezentanta ▪ sprawca - imię i nazwisko/ nazwa firmy, nr telefonu, adres e-mail, adres zamieszkania/siedziby , PESEL/ REGON, ▪ informację o rachunku bankowym. 10.9.3. Szkodę rejestrujemy w aplikacji CLAIMS Procedura telefonicznej obsługi klienta – zgłoszenie szkody _ _ Dział Obsługi Klienta – Zespół Obsługi Ubezpieczeń Indywidualnych 3 13 10.10. Zgłoszenie szkody - polisy MSP, OC z tytułu prowadzenia działalności lub posiadania mienia 10.10.1. Rejestracja szkody z polisy odpowiedzialności cywilnej z tytułu prowadzenia działalności lub posiadania mienia odbywa się w sytuacji, w której poszkodowany lub reprezentant, pełnomocnik poszkodowanego, broker, agent współpracujący z UNIQA zgłasza szkodę z polisy podmiotu ubezpieczonego w UNIQA. 10.10.2. Informacje wymagane do zarejestrowania szkody: ▪ data szkody, ▪ dane dotyczycące szkody: adres, rodzaj szkody, przyczyna szkody, opis uszkodzeń, ▪ dane kontaktowe poszkodowanego: telefon, adres e-mail, ▪ dane osobowe i adresowe kontrahentów: ▪ poszkodowany - imię i nazwisko/ nazwa firmy, nr telefonu, adres e-mail, , adres zamieszkania/siedziby , PESEL/ REGON, ▪ zgłaszający - imię i nazwisko, lub dane brokera, agenta współpracującego, pełnomocnika, reprezentanta ▪ sprawca - imię i nazwisko/ nazwa firmy, nr telefonu, adres e-mail, adres zamieszkania/siedziby , PESEL/ REGON, ▪ informację o rachunku bankowym. 10.10.3. W przypadku szkód z polis exUniqa korzystamy z Claims Management, wybierając: Procedura telefonicznej obsługi klienta – zgłoszenie szkody _ _ Dział Obsługi Klienta – Zespół Obsługi Ubezpieczeń Indywidualnych 3 14 10.10.4.
</results>
---------------------
Odpowiedz na pytanie użytkownika wykorzystując tylko informacje znajdujące się w dokumentach, a nie wcześniejszą wiedzę.
Udziel wysokiej jakości, poprawnej gramatycznie odpowiedzi w języku polskim. Odpowiedź powinna zawierać cytowania do dokumentów, z których pochodzą informacje. Zacytuj dokument za pomocą symbolu [nr_dokumentu] powołując się na fragment np. [1] dla fragmentu z dokumentu 1. Jeżeli w dokumentach nie ma informacji potrzebnych do odpowiedzi na pytanie, zamiast odpowiedzi zwróć tekst: ""Nie udało mi się odnaleźć odpowiedzi na pytanie"".

Pytanie: Jak przebiega rejestracja szkody?",Jak przebiega rejestracja szkody?,Jak ubezpieczyć pojazd?,not_reformulate,Uniqa_test,Jak ubezpieczyć pojazd?
Jak zmienić harmonogram płatności w systemie TIA?,"Aby zmienić harmonogram płatności w systemie TIA, należy postępować zgodnie z poniższą instrukcją:

1. **Wejście do panelu serwisowego i szybkich operacji**  
   Należy zalogować się do systemu TIA i przejść do odpowiedniego panelu.  

2. **Wybór przycisku modyfikacji odnowienia**  
   W panelu należy wybrać opcję ""modyfikacja odnowienia"", pozostawić domyślną datę i kliknąć przycisk ""rejestruj"".  

3. **Wybór ilości rat**  
   Po otwarciu okna taryfy należy wybrać odpowiednią liczbę rat płatności i zatwierdzić wybór.  

4. **Potwierdzenie zmian**  
   Po kliknięciu przycisku ""OK"" pojawi się okienko z prośbą o zatwierdzenie operacji zmian. Należy ponownie kliknąć ""OK"".  

5. **Wysłanie dokumentów do klienta**  
   Po dokonaniu zmian należy wysłać klientowi komplet dokumentów związanych z nowym harmonogramem płatności [1][2][3].  

Instrukcja jest identyczna niezależnie od rodzaju ubezpieczenia (komunikacyjne, majątkowe itp.), ponieważ procedura zmiany harmonogramu płatności jest taka sama w całym systemie TIA [1][2][3].","Numerowana lista dokumentów jest poniżej:
---------------------
<results>
Dokument: 1
BAZA WIEDZY KOMUNIKACJA
Zmiany na polisie-Instrukcja zmiany harmonogramu płatności w TIA
Baza wiedzy komunikacyjna związana z ubezpieczeniami i odszkodowaniami pojazdów.
Zmiany na polisie - Instrukcja zmiany harmonogramu płatności w TIA

Wejdź w panel serwisowy i szybkie operacje 
Wybierz przycisk modyfikacja odnowienia, zostaw datę, która się podstawia i kliknij rejestruj
Otworzy się okno taryfy, wybierz odpowiednią ilość rat i kliknij zatwierdź wybór
Klikasz ok, pojawia się okienko zatwierdź operację zmian i znowu ok
Wyślij klientowi komplet dokumentów

Dokument: 2
BAZA WIEDZY DOK
Fragment 194
Klikasz ok i później zaakceptuj operację zmian i ok. Instrukcja ustawienia NTP w TIA Krok 1. Zapisz sobie na boku numer polisy i numer ID klienta Krok 2. Będąc na polisie wybierz zakładkę konto – przypomnienie – odrocz wezwanie do zapłaty Krok 3. Klikasz przycisk nowy (u góry) Krok 4. W kolumnie Klient uzupełniasz ID, w kolumnie kod wpisujesz 2, w kolumnie wygasa wpisujesz nowy termin płatności, w kolumnie numer polisy wpisujesz numer polisy Krok 5. Odznaczasz checbox w kolumnie Pt. i Ink (zostaje tylko w kolumnie weź) Krok 6. Sprawdź czy w sprawach ustawił się kejs AUTO_NTP – jeżeli jest jakiś błąd i kejs się nie ustawił należy zrobić kejsa na windykację SRV_NTP Instrukcja zmiany harmonogramu płatności w TIA Wejdź w panel serwisowy i szybkie operacje Wybierz przycisk modyfikacja odnowienia, zostaw datę, która się podstawia i kliknij rejestruj Otworzy się okno taryfy, wybierz odpowiednią ilość rat i kliknij zatwierdź wybór Klikasz ok, pojawia się okienko zatwierdź operację zmian i znowu ok Wyślij klientowi komplet dokumentów Instrukcja dodania cesji w TIA Wejdź w panel serwisowy i szybkie operacje Wybierz przycisk cesja Wpisz datę, od której ma obowiązywać cesja W kolejnym oknie kliknij 2x nr banku Znajdź odpowiedni bank (najłatwiej wpisać początek) wybierz z listy bank z danymi podanymi przez klienta. W przypadku braku danych uzupełnij zgodnie z deklaracją klienta.

Dokument: 3
BAZA WIEDZY MAJĄTEK
Zmiany na polisie-Instrukcja zmiany harmonogramu płatności w TIA
Baza wiedzy majątkowa związana z ubezpieczeniami majątku i nieruchomości.
Zmiany na polisie - Instrukcja zmiany harmonogramu płatności w TIA

Wejdź w panel serwisowy i szybkie operacje 
Wybierz przycisk modyfikacja odnowienia, zostaw datę, która się podstawia i kliknij rejestruj
Otworzy się okno taryfy, wybierz odpowiednią ilość rat i kliknij zatwierdź wybór
Klikasz ok, pojawia się okienko zatwierdź operację zmian i znowu ok
Wyślij klientowi komplet dokumentów

Dokument: 4
BAZA WIEDZY DOK
Fragment 71
Doubezpieczenie Ogólne informacje: NB – do daty startu polisy istnieje możliwość dowolnej zmiany zakresu ubezpieczenia Dodanie dobrowolnych - inicjatywa Klienta max 6 miesięcy/inicjatywa Uniqa max do 9 miesięcy Po dosprzedaż należy odczytać komunikat IDD, komunikat dosprzedaży oraz komunikat zgody marketingowe Dla polis mBank i dla polis zawartych u Agenta inspekcja zleci się automatycznie, ale tu TIA nie zweryfikuje automatycznie, należy ustawić zadanie MSG + 5 dni i pilnować wpłaty klienta i realizacji inspekcji Doubezpieczenie zostawi w TIA kejs AUTO_DSP z opisem wprowadzonej zmiany, natomiast Modyfikacja odnowienia kejs AUTO_RPO, w którym również znajdziemy informację o korekcie po wprowadzonej zmianie należy wysłać do klienta komplet dokumentów. Doubezpieczenie możliwe jest tylko na opłaconej polisie IDD i komunikat doubezpieczenia - obligatoryjnie, przy każdej dosprzedaży. IDD - Rozumiem, ze zakres polisy spełnia Pana/Pani oczekiwania? Informuję, iż zaakceptowaliśmy Pana/Pani wniosek ubezpieczeniowy i w związku z tym umowa ubezpieczenia została zawarta. Udzielamy Panu/Pani ochrony ubezpieczeniowej od dnia DD-MM-RRRR. Sposób postępowania przy dosprzedaży: Na początku sprawdźmy czy na taryfie mamy dostępny wariant, który klient chce dokupić. Warunki jakie musi spełniać pojazd są szczegółowo wypisane w konkretnych produktach dosprzedaży(AC, Minicasco, Assistance, AC Europa itd.). Jeżeli klient zdecyduje się na zaproponowany zakres do skorzystaj z instrukcji doubezpieczenia w TIA. Zasady dosprzedaży AC, Minicasco, Szyby, AC Europa, GSU DO 30 DNI OD STARTU POLISY POWYŻEJ 30 DNI DO 6 MIESIĘCY AC; Minicasco; SZYBY;AC Europa, GSU z INICJATYWY KLIENTA Niewymagana zgoda ZIOR Data + 3 dni Wprowadzamy wybrany zakres ochrony W zakładce inspekcja wypełniamy niezbędne dane dodatkowo, zaznaczamy okienko inspekcja wymagana i inspekcja online Wysyłamy do klienta dokumenty Klient ma 5 dni na inspekcję i opłatę – nie pilnujemy Wymagana zgoda ZIOR Data + 3 dni Wprowadzamy wybrany zakres ochrony W zakładce inspekcja wypełniamy niezbędne dane dodatkowo, zaznaczamy okienko inspekcja wymagana i inspekcja online Wysyłamy do klienta dokumenty Klient ma 5 dni na inspekcję i opłatę – nie pilnujemy AC; Minicasco; SZYBY;AC Europa, GSU z INICJATYWY UNIQA/DORDCY Niewymagana zgoda ZIOR Inicjatywa Uniqa + 1 dni Wprowadzamy wybrany zakres ochrony System sam decyduje o zaznaczeniu pola okienko inspekcja wymagana i inspekcja online (gdy mamy przeczucie, że z klientem jest coś nie tak i że lepiej aby ta inspekcja się odbyła to możemy zaznaczyć) Wysyłamy do klienta dokumenty Klient ma 5 dni na inspekcję i opłatę – nie pilnujemy Niewymagana zgoda ZIOR Inicjatywa Uniqa + 1 dni Wprowadzamy wybrany zakres ochrony System sam decyduje o zaznaczeniu pola okienko inspekcja wymagana i inspekcja online (gdy mamy przeczucie, że z klientem jest coś nie tak i że lepiej aby ta inspekcja się odbyła to możemy zaznaczyć) Wysyłamy do klienta dokumenty Klient ma 5 dni na inspekcję i opłatę – nie pilnujemy Zasady dosprzedaży Bagaż, ASS, NNW, NNW Przedsiębiorcy, PM24, OPONY, Auto zastępcze na 5 dni INICJATYWA KLIENTA INICJATYWA UNIQA/DORDCY Bagaż, ASS, NNW, NNW Przedsiębiorcy, PM24, OPONY, Auto zastępcze na 5 dni DO 6 MIESIĘCY OD DATY STARTU POLISY • Niewymagana zgoda ZIOR • Data + 3 dni • 5 dni na opłatę składki DO 9 MIESIĘCY OD DATY STARTU POLISY • Niewymagana zgoda ZIOR • Data + 1 dzień • 5 dni na opłatę składki Weryfikacja inspekcji i płatności Po 5 dniach TIA sprawdza czy klient opłacił składkę i czy wykonał inspekcję: • Jest opłata i inspekcja - wszystko OK • Brak opłaty składki i inspekcji – TIA rozwiązuje dobrowolne i wysyła aneks z informacją o rozwiązaniu ubezpieczeń dobrowolnych • Jest opłata, brak inspekcji – ustawia się zadanie MSG/DSP do ręcznej obsługi Obsługa MSG/DSP • Ręcznie rozwiązujemy ubezpieczenia dobrowolne • Kontaktujemy się z klientem z pytaniem co dalej?

Dokument: 5
Zasady_Dosprzedaż
Fragment 1
DO 30 DNI OD STARTU POLISY POWYŻEJ 30 DNI DO 6 MIESIĘCY A C ; M in ic a sc o ; S Z Y B Y ;A C E u ro p a , G S U IN IC JA T Y W A K LI E N TA Niewymagana zgoda ZIOR • Inicjatywa klienta + 3 dni • Wprowadzamy wybrany zakres ochrony • W zakładce inspekcja wypełniamy niezbędne dane dodatkowo, zaznaczamy okienko inspekcja wymagana i inspekcja online • Wysyłamy do klienta dokumenty • Klient ma 5 dni na inspekcję i opłatę – nie pilnujemy? IN IC JA T Y W A K LI E N TA Wymagana zgoda ZIOR • Inicjatywa klienta + 3 dni • Wprowadzamy wybrany zakres ochrony • W zakładce inspekcja wypełniamy niezbędne dane dodatkowo, zaznaczamy okienko inspekcja wymagana i inspekcja online • Wysyłamy do klienta dokumenty • Klient ma 5 dni na inspekcję i opłatę – nie pilnujemy? IN IC JA T Y W A U N IQ A /D O R D C Y Niewymagana zgoda ZIOR • Inicjatywa Uniqa + 1 dni • Wprowadzamy wybrany zakres ochrony • System sam decyduje o zaznaczeniu pola okienko inspekcja wymagana i inspekcja online (gdy mamy przeczucie, że z klientem jest coś nie tak i że lepiej aby ta inspekcja się odbyła to możemy zaznaczyć) • Wysyłamy do klienta dokumenty • Klient ma 5 dni na inspekcję i opłatę – nie pilnujemy? IN IC JA T Y W A U N IQ A /D O R D C Y POWYŻEJ 30 DNI DO 9 MIESIĘCY Niewymagana zgoda ZIOR • Inicjatywa Uniqa + 1 dni • Wprowadzamy wybrany zakres ochrony • System sam decyduje o zaznaczeniu pola okienko inspekcja wymagana i inspekcja online (gdy mamy przeczucie, że z klientem jest coś nie tak i że lepiej aby ta inspekcja się odbyła to możemy zaznaczyć) • Wysyłamy do klienta dokumenty • Klient ma 5 dni na inspekcję i opłatę – nie pilnujemy? Po 5 dniach TIA sprawdza czy klient opłacił składkę i czy wykonał inspekcję: • Jest opłata i inspekcja - wszystko OK • Brak opłaty składki i inspekcji – TIA rozwiązuje dobrowolne i wysyła aneks z informacją o rozwiązaniu ubezpieczeń dobrowolnych • Jest opłata, brak inspekcji – ustawia się zadanie MSG/DSP do ręcznej obsługi Obsługa MSG/DSP • Ręcznie rozwiązujemy ubezpieczenia dobrowolne • Kontaktujemy się z klientem z pytaniem co dalej? – 2 próby kontaktu Decyzja klienta: • Dalej chce do ubezpieczyć – rozpoczynamy proces doubezpieczenia od nowa • Rezygnuje – przyjmujemy nr konta do zwrotu składki • Nie dodzwoniliśmy się - wysyłamy informację o rozwiązaniu dobrowolnych i o zwrocie składki, którą wpłacił Podejmujemy max 2 próby doubezpieczenia, jeżeli klient za drugim razem nie wywiąże się z opłaty składki czy inspekcji nie proponujemy kolejnego doubezpieczenia UWAGA! Dla polis mBank i dla polis zawartych u Agenta inspekcja zleci się automatycznie, ale tu TIA nie zweryfikuje automatycznie, należy ustawić zadanie MSG + 5 dni i pilnować wpłaty klienta i realizacji inspekcji ☹ w zależności od działań klienta postępujemy jak wyżej. INICJATYWA KLIENTA INICJATYWA UNIQA/DORDCY BAGAŻ DO 6 MIESIĘCY OD DATY STARTU POLISY • Niewymagana zgoda ZIOR • Inicjatywa klienta + 3 dni • 5 dni na opłatę składki DO 9 MIESIĘCY OD DATY STARTU POLISY • Niewymagana zgoda ZIOR • Inicjatywa Uniqa + 1 dzień • 5 dni na opłatę składki ASS NNW NNW Przedsię biorcy PM24 OPONY AUTO ZASTĘPC ZE NA 5 DNI • NB – do daty startu polisy istnieje możliwość dowolnej zmiany zakresu ubezpieczenia • Dodanie dobrowolnych - inicjatywa Klienta max 6 miesięcy/inicjatywa Uniqa max do 9 miesięcy • Po dosprzedaż należy odczytać komunikat IDD, komunikat dosprzedaży oraz komunikat zgody marketingowe. IDD - Rozumiem, ze zakres polisy spełnia Pana/Pani oczekiwania?
</results>
---------------------
Odpowiedz na pytanie użytkownika wykorzystując tylko informacje znajdujące się w dokumentach, a nie wcześniejszą wiedzę.
Udziel wysokiej jakości, poprawnej gramatycznie odpowiedzi w języku polskim. Odpowiedź powinna zawierać cytowania do dokumentów, z których pochodzą informacje. Zacytuj dokument za pomocą symbolu [nr_dokumentu] powołując się na fragment np. [1] dla fragmentu z dokumentu 1. Jeżeli w dokumentach nie ma informacji potrzebnych do odpowiedzi na pytanie, zamiast odpowiedzi zwróć tekst: ""Nie udało mi się odnaleźć odpowiedzi na pytanie"".

Pytanie: Jak zmienić harmonogram płatności w systemie TIA?",Jak zmienić harmonogram płatności w systemie TIA?,Jak w tia wprowadzić wypowiedzenie z końcem okresu ochrony?,not_reformulate,Uniqa_test,Jak w tia wprowadzić wypowiedzenie z końcem okresu ochrony?
Co obejmuje ubezpieczenie mieszkania?,"Ubezpieczenie mieszkania obejmuje następujące elementy i zakresy ochrony:  

1. **Szkody powstałe wskutek niezależnych od woli ubezpieczonego zdarzeń**, w tym wyrządzone przez ubezpieczonego wskutek rażącego niedbalstwa, z wyjątkiem ryzyka powodzi (chyba że umowa została rozszerzona po zapłacie dodatkowej składki) oraz zdarzeń wyłączonych w OWU [1][2].  
2. **Zdarzenia losowe oraz ryzyko kradzieży z włamaniem i rabunku**, z możliwością rozszerzenia o ryzyko powodzi po zapłacie dodatkowej składki [1][2].  
3. **Wyposażenie mieszkania**, w tym:  
   - ruchomości domowe znajdujące się w pomieszczeniach przynależnych lub użytkowanych przez ubezpieczonego (np. na podstawie umowy najmu) [3],  
   - rzeczy osobiste gości (jeśli suma ubezpieczenia ruchomości domowych wynosi co najmniej 20 000 zł) [3],  
   - ruchomości w trakcie przeprowadzki (w okresie 30 dni po zgłoszeniu faktu przeprowadzki) [3].  
4. **Meble ogrodowe** – ochrona w zakresie wynikającym z ubezpieczenia mienia od ognia i innych zdarzeń losowych [1][2].  
5. **Dodatkowe opcje** (za dodatkową składką):  
   - ubezpieczenie źródeł zielonej energii (np. instalacji fotowoltaicznych) [2],  
   - ubezpieczenie ruchomości poza domem (np. podczas podróży) [2].  

Wyłączenia odpowiedzialności obejmują m.in. szkody spowodowane błędami konstrukcyjnymi, zawilgoceniem pomieszczeń z powodu nieszczelności instalacji, pęknięciem rur z powodu zamarznięcia wody (jeśli ubezpieczony nie dopełnił obowiązku utrzymania odpowiedniej temperatury) oraz zalanie wodą przez niezabezpieczone okna lub drzwi [2].  

Ochrona ubezpieczeniowa w przypadku powodzi rozpoczyna się po 31 dniach od zawarcia umowy, chyba że jest to kontynuacja poprzedniej umowy [2].","Numerowana lista dokumentów jest poniżej:
---------------------
<results>
Dokument: 1
OWU_HOME_TWOJEMIEJSCE
Fragment 40
Umowa ubezpieczenia od wszystkich ryzyk („All Risk”) domu jednorodzinnego lub mieszkania obejmuje szkody powstałe wskutek wszystkich niezależnych od woli Ubezpieczonego, przyszłych i niepewnych, o nagłym charakterze zdarzeń, nawet niemieszczących się w definicji zdarzeń losowych zawartej w OWU, w tym wyrządzonych przez Ubezpieczonego wskutek rażącego niedbalstwa z zastrzeżeniem jednak § 38 ust. 2, a także z wyjątkiem ryzyka powodzi oraz zdarzeń wyłączonych na mocy zapisów OWU lub na podstawie postanowień dodatkowych do umowy ubezpieczenia uzgodnionych przez jej strony, przy czym po zapłacie dodatkowej składki umowa może być rozszerzona o ryzyko powodzi. 7. Umowa ubezpieczenia domu w budowie obejmuje ryzyko kradzieży z włamaniem i rabunku, gdy dom w budowie jest w stanie surowym zamkniętym, a po zapłacie dodatkowej składki może być rozszerzona o ryzyko powodzi. 8. O ile nie umówiono się inaczej, umowa ubezpieczenia domu letniskowego obejmuje zdarzenia losowe oraz ryzyko kradzieży z włamaniem i rabunku, a po zapłacie dodatkowej składki może być rozszerzona o ryzyko powodzi. 9. O ile nie umówiono się inaczej, umowa ubezpieczenia elementów posesji oraz wyposażenia obejmuje te same ryzyka, które są objęte ochroną ubezpieczeniową w ramach ubezpieczenia odpowiednio domu jednorodzinnego, mieszkania, domu w budowie lub domu letniskowego, z zastrzeżeniem zdania następnego. Meble ogrodowe obejmowane są ochroną w zakresie wynikającym z ubezpieczenia mienia od ognia i innych zdarzeń losowych.

Dokument: 2
OWU_HOME_TWOJEMIEJSCE
Start paragraphs
Ogólne warunki ubezpieczeń mieszkaniowych ""Twoje miejsce"". Dokument jest związany z ubezpieczeniem nieruchomości.
			4)	Dewastacje,
			5)	Przepięcia,
			6)	Przedmioty wartościowe,
			7)	Powódź,
			8)	Ubezpieczenie szyb i elementów szklanych,
			9)	Elementy posesji,
			10)	OC Standard,
			11)	OC Premium,
			12)	OC Najemcy,
			13)	OC Inwestycji,
			14)	Ubezpieczenie NNW,
			15)	Ubezpieczenie pupili (pies i kot),
			16)	Assistance domowy,
			17)	Pomoc Medyczna 24.
	3.	Ubezpieczenie domu jednorodzinnego, w tym w stadium budowy, lub domu letniskowego może być rozszerzone o ubezpieczenie źródeł zielonej energii za zapłatą dodatkowej składki. 
	4.	Ubezpieczenie mienia może być rozszerzone o ubezpieczenie ruchomości poza domem za zapłatą dodatkowej składki. 
	5.	Ubezpieczenie mienia może być rozszerzone o ubezpieczenie nagrobka za zapłatą dodatkowej składki. 
	6.	Umowa ubezpieczenia od wszystkich ryzyk („All Risk”) domu jednorodzinnego lub mieszkania obejmuje szkody powstałe wskutek wszystkich niezależnych od woli Ubezpieczonego, przyszłych i niepewnych, o nagłym charakterze zdarzeń, nawet niemieszczących się w definicji zdarzeń losowych zawartej w OWU, w tym wyrządzonych przez Ubezpieczonego wskutek rażącego niedbalstwa z zastrzeżeniem jednak § 38 ust. 2, a także z wyjątkiem ryzyka powodzi oraz zdarzeń wyłączonych na mocy zapisów OWU lub na podstawie postanowień dodatkowych do umowy ubezpieczenia uzgodnionych przez jej strony, przy czym po zapłacie dodatkowej składki umowa może być rozszerzona o ryzyko powodzi.
	7.	Umowa ubezpieczenia domu w budowie obejmuje ryzyko kradzieży z włamaniem i rabunku, gdy dom w budowie jest w stanie surowym zamkniętym, a po zapłacie dodatkowej składki może być rozszerzona o ryzyko powodzi.
	8.	O ile nie umówiono się inaczej, umowa ubezpieczenia domu letniskowego obejmuje zdarzenia losowe oraz ryzyko kradzieży z włamaniem i rabunku, a po zapłacie dodatkowej składki może być rozszerzona o ryzyko powodzi.
	9.	O ile nie umówiono się inaczej, umowa ubezpieczenia elementów posesji oraz wyposażenia obejmuje te same ryzyka, które są objęte ochroną ubezpieczeniową w ramach ubezpieczenia odpowiednio domu jednorodzinnego, mieszkania, domu w budowie lub domu letniskowego, z zastrzeżeniem zdania następnego. Meble ogrodowe obejmowane są ochroną w zakresie wynikającym z ubezpieczenia mienia od ognia i innych zdarzeń losowych.
	10.	O ile nie umówiono się inaczej, umowa ubezpieczenia źródeł zielonej energii obejmuje te same ryzyka, które są objęte ochroną ubezpieczeniową w ramach ubezpieczenia odpowiednio domu jednorodzinnego, w tym w stadium budowy, lub domu letniskowego. Dodatkowo, w razie przerwy w pracy źródeł zielonej energii, spowodowanej zdarzeniem ubezpieczeniowym objętym umową ubezpieczenia, Ubezpieczyciel zwróci (w granicach sumy ubezpieczenia) poniesione przez Ubezpieczonego koszty związane z koniecznością nabycia energii z sieci zewnętrznych przez okres przerwy w pracy, o której mowa w zdaniu poprzednim, nie dłużej jednak niż przez okres 3 miesięcy. Zwrotu dokonuje się na podstawie przedstawionych przez Ubezpieczonego rachunków. 
	11.	O ile nie umówiono się inaczej, umowa ubezpieczenia ruchomości poza domem obejmuje zdarzenia losowe oraz ryzyko kradzieży z włamaniem i rabunku. Ubezpieczenie ruchomości poza domem obejmuje zdarzenia ubezpieczeniowe zaistniałe poza miejscem ubezpieczenia na terytorium Polski lub całego świata – zgodnie z wyborem dokonanym przez Ubezpieczającego podczas zawierania umowy ubezpieczenia. 
	12.	O ile nie umówiono się inaczej, umowa ubezpieczenia nagrobka obejmuje zdarzenia losowe oraz ryzyko dewastacji i kradzieży elementów nagrobka zamontowanych na stałe.
	13.	W granicach sumy ubezpieczenia Ubezpieczyciel odpowiada również za szkody w ubezpieczonym mieniu powstałe w skutek akcji ratowniczej tj. działania podjętego w celu ratowania przedmiotu ubezpieczenia w razie zajścia zdarzenia objętego ubezpieczeniem lub ratowania zdrowia i życia Ubezpieczonego (a także osób bliskich) w miejscu ubezpieczenia, o ile działania te były celowe, chociażby okazały się bezskuteczne.
	§ 28
	W razie zajścia zdarzenia ubezpieczeniowego, Ubezpieczyciel pokrywa również udokumentowane koszty utraty wody lub gazu oraz – o ile nie umówiono się inaczej – koszty poszukiwania i usunięcia przyczyny szkody, z wyłączeniem kosztów napraw wyposażenia instalacyjnego (pieców, bojlerów, podgrzewaczy, itp.), jeżeli jego zniszczenie lub uszkodzenie nie wynika z tego zdarzenia. Postanowienia zdania poprzedzającego nie naruszają zapisu § 17 ust. 1 i ust. 3.
	§ 29
	1.	W umowie ubezpieczenia, której przedmiotem jest:
			1)	dom jednorodzinny w stadium budowy wraz z elementami stałymi, narzędzia budowlane oraz materiały budowlane;
			2)	budynki niemieszkalne i obiekty małej architektury w budowie lub na działce rekreacyjnej;
			3)	dom letniskowy wraz z wyposażeniem,
		Ubezpieczyciel odpowiada za szkody powstałe w następstwie zdarzeń losowych oraz kradzieży z włamaniem lub rabunku, z zastrzeżeniem ust. 3.
	2.	Po zapłacie dodatkowej składki ochrona ubezpieczeniowa może być rozszerzona o ryzyko powodzi.
	3.	Ubezpieczyciel odpowiada za szkody powstałe w następstwie kradzieży z włamaniem lub rabunku, gdy dom w budowie jest w stanie surowym zamkniętym. 
	§ 30
	W przypadku zawarcia umowy ubezpieczenia, której przedmiotem jest wyposażenie na sumę ubezpieczenia nie niższą niż 20 000 zł, jeżeli doszło do zdarzenia, za które Ubezpieczyciel ponosi odpowiedzialność w ramach niniejszego OWU, a które uniemożliwia stałe dalsze użytkowanie ubezpieczonej nieruchomości zgodnie z jej przeznaczeniem lub istnieje ryzyko powiększenia szkody, Ubezpieczyciel w granicach sumy ubezpieczenia wyposażenia pokrywa również poniesione i udokumentowane przez Ubezpieczonego koszty związane z transportem i tymczasowym składowaniem ubezpieczonego wyposażenia.
	Okres ubezpieczenia
	§ 31
	Ochrona ubezpieczeniowa w zakresie szkód powstałych w następstwie powodzi rozpoczyna się najwcześniej po upływie 31 dni od daty zawarcia umowy ubezpieczenia. Warunek wskazany w zdaniu poprzedzającym nie ma zastosowania dla drugiej i kolejnych umów ubezpieczenia zawartych z Ubezpieczycielem, dotyczących tego samego miejsca ubezpieczenia, o ile dana umowa zostanie zawarta nie później niż w ciągu 30 dni po zakończeniu okresu ubezpieczenia w poprzedniej umowy ubezpieczenia.
	Wyłączenia odpowiedzialności
	§ 32
	Ubezpieczyciel nie odpowiada za szkody powstałe:
	1)	wskutek błędów konstrukcyjnych w ubezpieczonym mieniu zaistniałych zarówno na etapie projektu, jak i wykonawstwa;
	2)	wskutek systematycznego zawilgocenia pomieszczeń z powodu nieszczelności instalacji wodnej, centralnego ogrzewania, kanalizacyjnej, klimatyzacji lub niewłaściwej wentylacji pomieszczeń, w tym również kondensacji wilgoci zawartej w powietrzu na powierzchni rur lub ścian;
	3)	wskutek przenikania wód gruntowych lub cofnięcia się wody lub ścieków z urządzeń kanalizacyjnych w wyniku podniesienia poziomu wód gruntowych z wyjątkiem sytuacji, gdy było to następstwem powodzi, która była objęta ochroną ubezpieczeniową (szkody powstałe wskutek przenikania wód gruntowych w wyniku deszczu nawalnego nie są wyłączone z odpowiedzialności w ubezpieczeniu od wszystkich ryzyk (All Risk);
	4)	wskutek pęknięcia rur i wyposażenia instalacyjnego z powodu zamarznięcia wody lub innej cieczy, jeżeli Ubezpieczający lub Ubezpieczony nie dopełnił należytej staranności w utrzymaniu odpowiedniej temperatury w pomieszczeniach;
	5)	wskutek zalania wodą pochodzącą z opadów atmosferycznych poprzez niezabezpieczone albo niezamknięte okna, drzwi lub inne otwory, jeżeli obowiązek ich zamknięcia lub zabezpieczenia należał do Ubezpieczającego lub Ubezpieczonego chyba, że niedopełnienie tego obowiązku nie miało wpływu na zajście zdarzenia ubezpieczeniowego;
	6)	wskutek zalania wodą pochodzącą z opadów atmosferycznych, innych niż deszcz nawalny, poprzez dach, ściany, balkony, tarasy, okna wskutek ich wadliwej konserwacji, jeżeli obowiązek ich konserwacji należał do Ubezpieczającego lub Ubezpieczonego chyba, że niedopełnienie tego obowiązku nie miało wpływu na zajście zdarzenia ubezpieczeniowego;

Dokument: 3
OWU_HOME_TWOJEMIEJSCE
Fragment 38
Inne pomieszczenia niż pomieszczenia przynależne do wyłącznego użytku Ubezpieczonego są ubezpieczone w ramach ubezpieczeń, o których mowa w ust. 1, o ile się tak umówiono. 3. Stałe elementy budynków niemieszkalnych są ubezpieczone, jeżeli przedmiotem ubezpieczenia są stałe elementy domu jednorodzinnego. § 26 O ile nie umówiono się inaczej, w umowie ubezpieczenia, której przedmiotem jest wyposażenie domu jednorodzinnego lub mieszkania, ubezpieczeniem objęte są również: 1) udokumentowane nakłady inwestycyjne Ubezpieczonego w domu jednorodzinnym lub mieszkaniu nie będącym własnością Ubezpieczonego, użytkowanym na podstawie umowy najmu lub innej umowy cywilnoprawnej albo decyzji administracyjnej, rozumiane jako nakłady finansowe lub rzeczowe w miejscu ubezpieczenia, których celem jest ulepszenie (przebudowa, rozbudowa, remont lub modernizacja) wyposażenia ubezpieczonego domu lub mieszkania; 2) ruchomości domowe znajdujące się w pomieszczeniach przynależnych lub użytkowanych przez Ubezpieczonego na podstawie prawa własności, decyzji administracyjnej lub umowy najmu a także użyczenia, pod warunkiem, że pomieszczenia te są przeznaczone i wykorzystywane do wyłącznego użytku Ubezpieczonego; 3) ruchomości domowe znajdujące się czasowo w posiadaniu Ubezpieczonego, jeżeli zostały mu wypożyczone lub oddane do używania pod warunkiem, że fakt wypożyczenia lub oddania do używania został udowodniony; 4) ruchomości domowe w trakcie przeprowadzki Ubezpieczonego z mieszkania lub domu jednorodzinnego, stanowiącego jego dotychczasowe miejsce zamieszkania (wskazane w polisie albo wnioskopolisie) do innego mieszkania lub domu jednorodzinnego oraz w okresie 30 dni po dniu zgłoszenia Ubezpieczycielowi faktu przeprowadzki. W przypadku zgłoszenia Ubezpieczycielowi przez Ubezpieczonego faktu przeprowadzki Ubezpieczyciel obejmie ochroną ubezpieczeniową, w okresie wskazanym w zdaniu poprzedzającym, ruchomości domowe Ubezpieczonego w takim samym zakresie, jak w dotychczasowym miejscu ubezpieczenia, z zastrzeżeniem, że ochroną ubezpieczeniową nie są objęte szkody powstałe w wyniku zagubienia, zniszczenia lub uszkodzenia mienia w trakcie transportu oraz w trakcie demontażu lub montażu. Warunkiem objęcia ochroną ubezpieczeniową ruchomości domowych na czas przeprowadzki oraz określony w niniejszym punkcie czas po jej zakończeniu jest pisemne lub elektroniczne zgłoszenie przez Ubezpieczonego faktu przeprowadzki, podanie daty oraz nowego adresu zamieszkania, nie później niż na dzień przed rozpoczęciem ochrony pod warunkiem, że zabezpieczenia w nowym mieszkaniu lub domu jednorodzinnym odpowiadają wymogom niniejszych OWU; 5) rzeczy osobiste gości w zakresie tożsamym z określonym dla ruchomości domowych – wyłącznie w przypadku zawarcia umowy ubezpieczenia ruchomości domowych od ognia i innych zdarzeń losowych oraz kradzieży z włamaniem i rabunku albo wszystkich ryzyk (All Risk) na sumę ubezpieczenia wynoszącą nie mniej niż 20 000 zł. Zakres ubezpieczenia § 27 1. Mienie może zostać objęte ochroną ubezpieczeniową od ognia i innych zdarzeń losowych oraz kradzieży z włamaniem i rabunku albo od wszystkich ryzyk (All Risk).

Dokument: 4
BAZA WIEDZY MAJĄTEK
Ubezpieczenie HOME-Na czym polega ubezpieczenie home?
Baza wiedzy majątkowa związana z ubezpieczeniami majątku i nieruchomości.
Ubezpieczenie HOME - Na czym polega ubezpieczenie home?

Ubezpieczenie domu lub mieszkania jest ubezpieczeniem dobrowolnym.
Klient może je wykupić z własnej inicjatywy, albo wynikiem zawarcia ubezpieczenia może być bank.
Bank może wymagać od klienta ubezpieczenia na nieruchomość w wyniku zaciągniętego kredytu na kupno domu/mieszkania.

Dokument: 5
OWU_HOME_TWOJEMIEJSCE
Start paragraphs
Ogólne warunki ubezpieczeń mieszkaniowych ""Twoje miejsce"". Dokument jest związany z ubezpieczeniem nieruchomości.
	21)	Kradzież zwykła – kradzież mienia znajdującego się na ogrodzonej (teren musi być ogrodzony tak, by osoba trzecia nie mogła mieć do niego swobodnego dostępu, tj. niewymagającego jakiejkolwiek dodatkowej aktywności z jej strony, np. otwarcia bramy lub przeskoczenia ogrodzenia) posesji domu jednorodzinnego, tarasie, balkonie, a także kradzież elementów zewnętrznych budynków niemieszkalnych;
	22)	Lekarz – osoba posiadająca wymagane na terytorium Rzeczypospolitej Polskiej kwalifikacje, potwierdzone dokumentami, do udzielania świadczeń medycznych, nie będąca członkiem najbliższej rodziny Ubezpieczonego;
	23)	Lekarz Centrum Alarmowego – zatrudniony w Centrum Alarmowym lekarz konsultant;
	24)	Materiały budowlane – należące do Ubezpieczonego surowce, półfabrykaty niezbędne do realizacji budowy ubezpieczonego domu jednorodzinnego, domu letniskowego, budynku niemieszkalnego lub obiektów małej architektury, stosowane w robotach budowlanych, a także urządzenia i instalacje przed montażem;
	25)	Meble ogrodowe – niezwiązane trwale z gruntem następujące obiekty: stoły, krzesła, leżaki, fotele oraz grille (w tym elektryczne), usytuowane na gruncie na terenie posesji, tarasie, loggii lub balkonie ubezpieczonego domu jednorodzinnego;
	26)	Miejsce ubezpieczenia – ubezpieczone mieszkanie, dom jednorodzinny, w tym w stadium budowy, lub dom letniskowy, pomieszczenia przynależne lub użytkowane przez Ubezpieczonego na podstawie prawa własności, decyzji administracyjnej lub umowy najmu, a także użyczenia, budynek niemieszkalny oraz posesja, na której znajduje się ubezpieczony dom jednorodzinny, w tym w stadium budowy, lub dom letniskowy;
	27)	Mienie – dom jednorodzinny, dom letniskowy, dom jednorodzinny w budowie, elementy posesji, mieszkanie wraz z pomieszczeniami przynależnymi oraz użytkowanymi przez Ubezpieczonego na podstawie prawa własności lub wyposażenie, które mogą stanowić przedmiot umowy ubezpieczenia, a w ubezpieczeniu od wszystkich ryzyk (All Risk), także roślinność ogrodowa;
	28)	Mieszkanie – znajdujące się w budynku mieszkalnym wielorodzinnym wyodrębnione pomieszczenie lub zespół pomieszczeń służących zaspokajaniu potrzeb mieszkaniowych (dalej również: „lokal mieszkalny”);
	29)	Mury – przegrody budowlane, które wydzielają budynek z przestrzeni wraz z elewacją, izolacją cieplną oraz fundament, dach wraz z pokryciem dachowym, tarasy, balkony – z wyłączeniem stałych elementów wymienionych w pkt 60), w ramach jednej z następujących kategorii mienia:
			a)	dom jednorodzinny lub dom jednorodzinny w stadium budowy lub
			b)	dom letniskowy,
			c)	budynek niemieszkalny,
			d)	mieszkanie wraz z pomieszczeniami przynależnymi lub użytkowanymi przez Ubezpieczonego na podstawie prawa własności;
	30)	Nagłe zachorowanie – stan chorobowy powstały w sposób nagły, wymagający natychmiastowej pomocy medycznej;
	31)	Nagrobek – znajdujący się na terytorium Polski obiekt budowlany, który jest przeznaczony do pochówku osób lub upamiętnienia zmarłego. Nagrobek składa się z następujących elementów: płyty, tablicy napisowej, liter, rzeźby nagrobnej, innych elementów ozdobnych – zamocowanych na stałe w taki sposób, że ich zdemontowanie nie jest możliwe bez pozostawienia śladów, które stanowią dowód użycia siły lub narzędzi;
	32)	Narzędzia budowlane – należące do Ubezpieczonego przenośne narzędzia lub urządzenia stosowane w robotach budowlanych, służące do wykończenia będącego w budowie ubezpieczonego domu jednorodzinnego;
	33)	Nieszczęśliwy wypadek – przypadkowe, nagłe zdarzenie powstałe w okresie odpowiedzialności Ubezpieczyciela, wywołane przyczyną zewnętrzną, niezależne od woli Ubezpieczonego ani od stanu jego zdrowia w ubezpieczeniu NNW, a w przypadku ubezpieczenia pupili – niezależnie od stanu zdrowia psa lub kota, w następstwie którego Ubezpieczony, a w ubezpieczeniu pupili pies lub kot, doznał uszkodzenia ciała lub zmarł. Za nieszczęśliwy wypadek w ubezpieczeniu NNW nie uznaje się następstw zdrowotnych przeciążenia, wysiłku, dźwignięcia, pochylenia, a także zawału serca, udaru mózgu i innych chorób, nawet jeżeli wystąpiły nagle;
	34)	Obiekty małej architektury – trwale związane z gruntem następujące obiekty budowlane usytuowane na terenie posesji: wiaty, nawierzchnie placów i podjazdów, posągi, murki ogrodowe, grille murowane, fontanny, baseny, pergole, altany, przytwierdzone do podłoża urządzenia sportowe służące do rekreacji, piaskownice, śmietniki, zamontowane na stałe instalacje: zraszająca, oświetleniowa, służące do dostarczania energii, ciepła, wody, gazu, także ogrodzenie posesji wraz z bramą, otwieraną ręcznie lub sterowaniem radiowym i jej wyposażeniem instalacyjnym. Za obiekty małej architektury nie są uznawane zainstalowane na gruncie na terenie posesji instalacje fotowoltaiczne (wraz z panelami fotowoltaicznymi), kolektory słoneczne i pompy ciepła;
	35)	Okres ubezpieczenia – okres odpowiedzialności Ubezpieczyciela;
	36)	Osoba bliska – małżonek, małżonka, konkubina, konkubent, wstępni, zstępni, pasierbica, pasierb, dziecko przysposobione albo przyjęte na wychowanie przez Ubezpieczonego, przysposabiający, rodzeństwo, ojczym, macocha, teściowie, zięć, synowa, małżonkowie rodzeństwa, dzieci rodzeństwa;
	37)	Papiery wartościowe – czeki, weksle, obligacje, akcje, konosamenty, akredytywy dokumentowe i inne dokumenty zastępujące w obrocie gotówkę;
	38)	Pękanie mrozowe – spowodowane mrozem pęknięcie znajdujących się wewnątrz domu jednorodzinnego lub mieszkania urządzeń kąpielowych, umywalek, spłuczek, syfonów, wodomierzy, kotłów, bojlerów, pomp cieplnych, rur dopływowych (wodociągowych) lub odpływowych (kanalizacyjnych), instalacji grzewczych, klimatyzacyjnych, tryskaczowych lub gaśniczych bądź wyciek pary, wody lub innej cieczy; w ubezpieczeniu od wszystkich ryzyk (All Risk) również spowodowane mrozem pęknięcie elementów konstrukcyjnych oraz instalacji zewnętrznych znajdujących się na terenie posesji, na której posadowiony jest dom jednorodzinny;
	39)	Polisa – dokument ubezpieczenia, wystawiony przez Ubezpieczyciela, potwierdzający zawarcie umowy ubezpieczenia i jej warunki;
	40)	Pomieszczenie przynależne – pomieszczenie, które stanowi część składową ubezpieczonego mieszkania lub domu jednorodzinnego, nawet jeśli dane pomieszczenie nie przylega bezpośrednio do mieszkania, ale znajduje się w tym samym budynku wielorodzinnym co ubezpieczone mieszkanie lub na posesji domu jednorodzinnego: piwnica, komórka, strych, pomieszczenie gospodarcze, garaż wolno stojący, miejsce parkingowe w garażu podziemnym. Pomieszczeniem przynależnym nie jest zabudowany korytarz;
	41)	Pomoc domowa – osoba wykonująca prace w zakresie czynności życia codziennego na podstawie umowy o pracę lub umowy cywilnoprawnej zawartej z Ubezpieczonym;
	42)	Posesja – zabudowana nieruchomość gruntowa, stanowiąca własność Ubezpieczonego lub będąca w jego posiadaniu na podstawie umowy cywilnoprawnej;
	43)	Powierzchnia użytkowa – powierzchnia wszystkich pomieszczeń znajdujących się w domu jednorodzinnym, domu letniskowym – w tym w stadium budowy – lub mieszkaniu, a w szczególności pokoi, kuchni, przedpokoi, korytarzy, łazienek; przy ustalaniu powierzchni użytkowej nie wlicza się powierzchni balkonów, tarasów, loggii, antresoli oraz pomieszczeń gospodarczych poza mieszkaniem;
	44)	Powódź – zalanie terenu w następstwie podniesienia się poziomu wody w korytach wód płynących lub stojących; fakt wystąpienia powodzi ustala się w oparciu o informacje uzyskane z Instytutu Meteorologii i Gospodarki Wodnej (IMGW), a w przypadku braku uzyskania odpowiednich informacji z IMGW bierze się pod uwagę stan faktyczny i rozmiar szkód w miejscu ubezpieczenia, świadczące o wystąpieniu powodzi;
	45)	Przedmioty wartościowe – mienie ruchome znajdujące się w mieszkaniu lub domu jednorodzinnym, takie jak: wyroby wykonane w całości lub części ze srebra, złota i platyny, monety, biżuteria (w tym zegarki), dzieła sztuki, znaczki filatelistyczne, pieniądze i inne środki płatnicze, papiery wartościowe;
	46)	Przepięcie – gwałtowna zmiana napięcia w sieci elektrycznej;
</results>
---------------------
Odpowiedz na pytanie użytkownika wykorzystując tylko informacje znajdujące się w dokumentach, a nie wcześniejszą wiedzę.
Udziel wysokiej jakości, poprawnej gramatycznie odpowiedzi w języku polskim. Odpowiedź powinna zawierać cytowania do dokumentów, z których pochodzą informacje. Zacytuj dokument za pomocą symbolu [nr_dokumentu] powołując się na fragment np. [1] dla fragmentu z dokumentu 1. Jeżeli w dokumentach nie ma informacji potrzebnych do odpowiedzi na pytanie, zamiast odpowiedzi zwróć tekst: ""Nie udało mi się odnaleźć odpowiedzi na pytanie"".

Pytanie: Co obejmuje ubezpieczenie mieszkania?",Co obejmuje ubezpieczenie mieszkania?,Do kiedy klient może doubezpieczyć AC?,not_reformulate,Uniqa_test,Do kiedy klient może rozszerzyć zakres ubezpieczenia o autocasco?
Co obejmuje ubezpieczenie mieszkania?,"Ubezpieczenie mieszkania obejmuje następujące elementy i zakresy ochrony:  

1. **Szkody powstałe wskutek niezależnych od woli ubezpieczonego zdarzeń**, w tym wyrządzone przez ubezpieczonego wskutek rażącego niedbalstwa, z wyjątkiem ryzyka powodzi (chyba że umowa została rozszerzona po zapłacie dodatkowej składki) oraz zdarzeń wyłączonych w OWU [1][2].  
2. **Zdarzenia losowe oraz ryzyko kradzieży z włamaniem i rabunku**, z możliwością rozszerzenia o ryzyko powodzi po zapłacie dodatkowej składki [1][2].  
3. **Wyposażenie mieszkania**, w tym:  
   - ruchomości domowe znajdujące się w pomieszczeniach przynależnych lub użytkowanych przez ubezpieczonego (np. na podstawie umowy najmu) [3],  
   - rzeczy osobiste gości (jeśli suma ubezpieczenia ruchomości domowych wynosi co najmniej 20 000 zł) [3],  
   - ruchomości w trakcie przeprowadzki (w okresie 30 dni po zgłoszeniu faktu przeprowadzki) [3].  
4. **Meble ogrodowe** – ochrona w zakresie wynikającym z ubezpieczenia mienia od ognia i innych zdarzeń losowych [1][2].  
5. **Dodatkowe opcje** (za dodatkową składką):  
   - ubezpieczenie źródeł zielonej energii (np. instalacji fotowoltaicznych) [2],  
   - ubezpieczenie ruchomości poza domem (np. podczas podróży) [2].  

Wyłączenia odpowiedzialności obejmują m.in. szkody spowodowane błędami konstrukcyjnymi, zawilgoceniem pomieszczeń z powodu nieszczelności instalacji, pęknięciem rur z powodu zamarznięcia wody (jeśli ubezpieczony nie dopełnił obowiązku utrzymania odpowiedniej temperatury) oraz zalanie wodą przez niezabezpieczone okna lub drzwi [2].  

Ochrona ubezpieczeniowa w przypadku powodzi rozpoczyna się po 31 dniach od zawarcia umowy, chyba że jest to kontynuacja poprzedniej umowy [2].","Numerowana lista dokumentów jest poniżej:
---------------------
<results>
Dokument: 1
OWU_HOME_TWOJEMIEJSCE
Fragment 40
Umowa ubezpieczenia od wszystkich ryzyk („All Risk”) domu jednorodzinnego lub mieszkania obejmuje szkody powstałe wskutek wszystkich niezależnych od woli Ubezpieczonego, przyszłych i niepewnych, o nagłym charakterze zdarzeń, nawet niemieszczących się w definicji zdarzeń losowych zawartej w OWU, w tym wyrządzonych przez Ubezpieczonego wskutek rażącego niedbalstwa z zastrzeżeniem jednak § 38 ust. 2, a także z wyjątkiem ryzyka powodzi oraz zdarzeń wyłączonych na mocy zapisów OWU lub na podstawie postanowień dodatkowych do umowy ubezpieczenia uzgodnionych przez jej strony, przy czym po zapłacie dodatkowej składki umowa może być rozszerzona o ryzyko powodzi. 7. Umowa ubezpieczenia domu w budowie obejmuje ryzyko kradzieży z włamaniem i rabunku, gdy dom w budowie jest w stanie surowym zamkniętym, a po zapłacie dodatkowej składki może być rozszerzona o ryzyko powodzi. 8. O ile nie umówiono się inaczej, umowa ubezpieczenia domu letniskowego obejmuje zdarzenia losowe oraz ryzyko kradzieży z włamaniem i rabunku, a po zapłacie dodatkowej składki może być rozszerzona o ryzyko powodzi. 9. O ile nie umówiono się inaczej, umowa ubezpieczenia elementów posesji oraz wyposażenia obejmuje te same ryzyka, które są objęte ochroną ubezpieczeniową w ramach ubezpieczenia odpowiednio domu jednorodzinnego, mieszkania, domu w budowie lub domu letniskowego, z zastrzeżeniem zdania następnego. Meble ogrodowe obejmowane są ochroną w zakresie wynikającym z ubezpieczenia mienia od ognia i innych zdarzeń losowych.

Dokument: 2
OWU_HOME_TWOJEMIEJSCE
Start paragraphs
Ogólne warunki ubezpieczeń mieszkaniowych ""Twoje miejsce"". Dokument jest związany z ubezpieczeniem nieruchomości.
			4)	Dewastacje,
			5)	Przepięcia,
			6)	Przedmioty wartościowe,
			7)	Powódź,
			8)	Ubezpieczenie szyb i elementów szklanych,
			9)	Elementy posesji,
			10)	OC Standard,
			11)	OC Premium,
			12)	OC Najemcy,
			13)	OC Inwestycji,
			14)	Ubezpieczenie NNW,
			15)	Ubezpieczenie pupili (pies i kot),
			16)	Assistance domowy,
			17)	Pomoc Medyczna 24.
	3.	Ubezpieczenie domu jednorodzinnego, w tym w stadium budowy, lub domu letniskowego może być rozszerzone o ubezpieczenie źródeł zielonej energii za zapłatą dodatkowej składki. 
	4.	Ubezpieczenie mienia może być rozszerzone o ubezpieczenie ruchomości poza domem za zapłatą dodatkowej składki. 
	5.	Ubezpieczenie mienia może być rozszerzone o ubezpieczenie nagrobka za zapłatą dodatkowej składki. 
	6.	Umowa ubezpieczenia od wszystkich ryzyk („All Risk”) domu jednorodzinnego lub mieszkania obejmuje szkody powstałe wskutek wszystkich niezależnych od woli Ubezpieczonego, przyszłych i niepewnych, o nagłym charakterze zdarzeń, nawet niemieszczących się w definicji zdarzeń losowych zawartej w OWU, w tym wyrządzonych przez Ubezpieczonego wskutek rażącego niedbalstwa z zastrzeżeniem jednak § 38 ust. 2, a także z wyjątkiem ryzyka powodzi oraz zdarzeń wyłączonych na mocy zapisów OWU lub na podstawie postanowień dodatkowych do umowy ubezpieczenia uzgodnionych przez jej strony, przy czym po zapłacie dodatkowej składki umowa może być rozszerzona o ryzyko powodzi.
	7.	Umowa ubezpieczenia domu w budowie obejmuje ryzyko kradzieży z włamaniem i rabunku, gdy dom w budowie jest w stanie surowym zamkniętym, a po zapłacie dodatkowej składki może być rozszerzona o ryzyko powodzi.
	8.	O ile nie umówiono się inaczej, umowa ubezpieczenia domu letniskowego obejmuje zdarzenia losowe oraz ryzyko kradzieży z włamaniem i rabunku, a po zapłacie dodatkowej składki może być rozszerzona o ryzyko powodzi.
	9.	O ile nie umówiono się inaczej, umowa ubezpieczenia elementów posesji oraz wyposażenia obejmuje te same ryzyka, które są objęte ochroną ubezpieczeniową w ramach ubezpieczenia odpowiednio domu jednorodzinnego, mieszkania, domu w budowie lub domu letniskowego, z zastrzeżeniem zdania następnego. Meble ogrodowe obejmowane są ochroną w zakresie wynikającym z ubezpieczenia mienia od ognia i innych zdarzeń losowych.
	10.	O ile nie umówiono się inaczej, umowa ubezpieczenia źródeł zielonej energii obejmuje te same ryzyka, które są objęte ochroną ubezpieczeniową w ramach ubezpieczenia odpowiednio domu jednorodzinnego, w tym w stadium budowy, lub domu letniskowego. Dodatkowo, w razie przerwy w pracy źródeł zielonej energii, spowodowanej zdarzeniem ubezpieczeniowym objętym umową ubezpieczenia, Ubezpieczyciel zwróci (w granicach sumy ubezpieczenia) poniesione przez Ubezpieczonego koszty związane z koniecznością nabycia energii z sieci zewnętrznych przez okres przerwy w pracy, o której mowa w zdaniu poprzednim, nie dłużej jednak niż przez okres 3 miesięcy. Zwrotu dokonuje się na podstawie przedstawionych przez Ubezpieczonego rachunków. 
	11.	O ile nie umówiono się inaczej, umowa ubezpieczenia ruchomości poza domem obejmuje zdarzenia losowe oraz ryzyko kradzieży z włamaniem i rabunku. Ubezpieczenie ruchomości poza domem obejmuje zdarzenia ubezpieczeniowe zaistniałe poza miejscem ubezpieczenia na terytorium Polski lub całego świata – zgodnie z wyborem dokonanym przez Ubezpieczającego podczas zawierania umowy ubezpieczenia. 
	12.	O ile nie umówiono się inaczej, umowa ubezpieczenia nagrobka obejmuje zdarzenia losowe oraz ryzyko dewastacji i kradzieży elementów nagrobka zamontowanych na stałe.
	13.	W granicach sumy ubezpieczenia Ubezpieczyciel odpowiada również za szkody w ubezpieczonym mieniu powstałe w skutek akcji ratowniczej tj. działania podjętego w celu ratowania przedmiotu ubezpieczenia w razie zajścia zdarzenia objętego ubezpieczeniem lub ratowania zdrowia i życia Ubezpieczonego (a także osób bliskich) w miejscu ubezpieczenia, o ile działania te były celowe, chociażby okazały się bezskuteczne.
	§ 28
	W razie zajścia zdarzenia ubezpieczeniowego, Ubezpieczyciel pokrywa również udokumentowane koszty utraty wody lub gazu oraz – o ile nie umówiono się inaczej – koszty poszukiwania i usunięcia przyczyny szkody, z wyłączeniem kosztów napraw wyposażenia instalacyjnego (pieców, bojlerów, podgrzewaczy, itp.), jeżeli jego zniszczenie lub uszkodzenie nie wynika z tego zdarzenia. Postanowienia zdania poprzedzającego nie naruszają zapisu § 17 ust. 1 i ust. 3.
	§ 29
	1.	W umowie ubezpieczenia, której przedmiotem jest:
			1)	dom jednorodzinny w stadium budowy wraz z elementami stałymi, narzędzia budowlane oraz materiały budowlane;
			2)	budynki niemieszkalne i obiekty małej architektury w budowie lub na działce rekreacyjnej;
			3)	dom letniskowy wraz z wyposażeniem,
		Ubezpieczyciel odpowiada za szkody powstałe w następstwie zdarzeń losowych oraz kradzieży z włamaniem lub rabunku, z zastrzeżeniem ust. 3.
	2.	Po zapłacie dodatkowej składki ochrona ubezpieczeniowa może być rozszerzona o ryzyko powodzi.
	3.	Ubezpieczyciel odpowiada za szkody powstałe w następstwie kradzieży z włamaniem lub rabunku, gdy dom w budowie jest w stanie surowym zamkniętym. 
	§ 30
	W przypadku zawarcia umowy ubezpieczenia, której przedmiotem jest wyposażenie na sumę ubezpieczenia nie niższą niż 20 000 zł, jeżeli doszło do zdarzenia, za które Ubezpieczyciel ponosi odpowiedzialność w ramach niniejszego OWU, a które uniemożliwia stałe dalsze użytkowanie ubezpieczonej nieruchomości zgodnie z jej przeznaczeniem lub istnieje ryzyko powiększenia szkody, Ubezpieczyciel w granicach sumy ubezpieczenia wyposażenia pokrywa również poniesione i udokumentowane przez Ubezpieczonego koszty związane z transportem i tymczasowym składowaniem ubezpieczonego wyposażenia.
	Okres ubezpieczenia
	§ 31
	Ochrona ubezpieczeniowa w zakresie szkód powstałych w następstwie powodzi rozpoczyna się najwcześniej po upływie 31 dni od daty zawarcia umowy ubezpieczenia. Warunek wskazany w zdaniu poprzedzającym nie ma zastosowania dla drugiej i kolejnych umów ubezpieczenia zawartych z Ubezpieczycielem, dotyczących tego samego miejsca ubezpieczenia, o ile dana umowa zostanie zawarta nie później niż w ciągu 30 dni po zakończeniu okresu ubezpieczenia w poprzedniej umowy ubezpieczenia.
	Wyłączenia odpowiedzialności
	§ 32
	Ubezpieczyciel nie odpowiada za szkody powstałe:
	1)	wskutek błędów konstrukcyjnych w ubezpieczonym mieniu zaistniałych zarówno na etapie projektu, jak i wykonawstwa;
	2)	wskutek systematycznego zawilgocenia pomieszczeń z powodu nieszczelności instalacji wodnej, centralnego ogrzewania, kanalizacyjnej, klimatyzacji lub niewłaściwej wentylacji pomieszczeń, w tym również kondensacji wilgoci zawartej w powietrzu na powierzchni rur lub ścian;
	3)	wskutek przenikania wód gruntowych lub cofnięcia się wody lub ścieków z urządzeń kanalizacyjnych w wyniku podniesienia poziomu wód gruntowych z wyjątkiem sytuacji, gdy było to następstwem powodzi, która była objęta ochroną ubezpieczeniową (szkody powstałe wskutek przenikania wód gruntowych w wyniku deszczu nawalnego nie są wyłączone z odpowiedzialności w ubezpieczeniu od wszystkich ryzyk (All Risk);
	4)	wskutek pęknięcia rur i wyposażenia instalacyjnego z powodu zamarznięcia wody lub innej cieczy, jeżeli Ubezpieczający lub Ubezpieczony nie dopełnił należytej staranności w utrzymaniu odpowiedniej temperatury w pomieszczeniach;
	5)	wskutek zalania wodą pochodzącą z opadów atmosferycznych poprzez niezabezpieczone albo niezamknięte okna, drzwi lub inne otwory, jeżeli obowiązek ich zamknięcia lub zabezpieczenia należał do Ubezpieczającego lub Ubezpieczonego chyba, że niedopełnienie tego obowiązku nie miało wpływu na zajście zdarzenia ubezpieczeniowego;
	6)	wskutek zalania wodą pochodzącą z opadów atmosferycznych, innych niż deszcz nawalny, poprzez dach, ściany, balkony, tarasy, okna wskutek ich wadliwej konserwacji, jeżeli obowiązek ich konserwacji należał do Ubezpieczającego lub Ubezpieczonego chyba, że niedopełnienie tego obowiązku nie miało wpływu na zajście zdarzenia ubezpieczeniowego;

Dokument: 3
OWU_HOME_TWOJEMIEJSCE
Fragment 38
Inne pomieszczenia niż pomieszczenia przynależne do wyłącznego użytku Ubezpieczonego są ubezpieczone w ramach ubezpieczeń, o których mowa w ust. 1, o ile się tak umówiono. 3. Stałe elementy budynków niemieszkalnych są ubezpieczone, jeżeli przedmiotem ubezpieczenia są stałe elementy domu jednorodzinnego. § 26 O ile nie umówiono się inaczej, w umowie ubezpieczenia, której przedmiotem jest wyposażenie domu jednorodzinnego lub mieszkania, ubezpieczeniem objęte są również: 1) udokumentowane nakłady inwestycyjne Ubezpieczonego w domu jednorodzinnym lub mieszkaniu nie będącym własnością Ubezpieczonego, użytkowanym na podstawie umowy najmu lub innej umowy cywilnoprawnej albo decyzji administracyjnej, rozumiane jako nakłady finansowe lub rzeczowe w miejscu ubezpieczenia, których celem jest ulepszenie (przebudowa, rozbudowa, remont lub modernizacja) wyposażenia ubezpieczonego domu lub mieszkania; 2) ruchomości domowe znajdujące się w pomieszczeniach przynależnych lub użytkowanych przez Ubezpieczonego na podstawie prawa własności, decyzji administracyjnej lub umowy najmu a także użyczenia, pod warunkiem, że pomieszczenia te są przeznaczone i wykorzystywane do wyłącznego użytku Ubezpieczonego; 3) ruchomości domowe znajdujące się czasowo w posiadaniu Ubezpieczonego, jeżeli zostały mu wypożyczone lub oddane do używania pod warunkiem, że fakt wypożyczenia lub oddania do używania został udowodniony; 4) ruchomości domowe w trakcie przeprowadzki Ubezpieczonego z mieszkania lub domu jednorodzinnego, stanowiącego jego dotychczasowe miejsce zamieszkania (wskazane w polisie albo wnioskopolisie) do innego mieszkania lub domu jednorodzinnego oraz w okresie 30 dni po dniu zgłoszenia Ubezpieczycielowi faktu przeprowadzki. W przypadku zgłoszenia Ubezpieczycielowi przez Ubezpieczonego faktu przeprowadzki Ubezpieczyciel obejmie ochroną ubezpieczeniową, w okresie wskazanym w zdaniu poprzedzającym, ruchomości domowe Ubezpieczonego w takim samym zakresie, jak w dotychczasowym miejscu ubezpieczenia, z zastrzeżeniem, że ochroną ubezpieczeniową nie są objęte szkody powstałe w wyniku zagubienia, zniszczenia lub uszkodzenia mienia w trakcie transportu oraz w trakcie demontażu lub montażu. Warunkiem objęcia ochroną ubezpieczeniową ruchomości domowych na czas przeprowadzki oraz określony w niniejszym punkcie czas po jej zakończeniu jest pisemne lub elektroniczne zgłoszenie przez Ubezpieczonego faktu przeprowadzki, podanie daty oraz nowego adresu zamieszkania, nie później niż na dzień przed rozpoczęciem ochrony pod warunkiem, że zabezpieczenia w nowym mieszkaniu lub domu jednorodzinnym odpowiadają wymogom niniejszych OWU; 5) rzeczy osobiste gości w zakresie tożsamym z określonym dla ruchomości domowych – wyłącznie w przypadku zawarcia umowy ubezpieczenia ruchomości domowych od ognia i innych zdarzeń losowych oraz kradzieży z włamaniem i rabunku albo wszystkich ryzyk (All Risk) na sumę ubezpieczenia wynoszącą nie mniej niż 20 000 zł. Zakres ubezpieczenia § 27 1. Mienie może zostać objęte ochroną ubezpieczeniową od ognia i innych zdarzeń losowych oraz kradzieży z włamaniem i rabunku albo od wszystkich ryzyk (All Risk).

Dokument: 4
BAZA WIEDZY MAJĄTEK
Ubezpieczenie HOME-Na czym polega ubezpieczenie home?
Baza wiedzy majątkowa związana z ubezpieczeniami majątku i nieruchomości.
Ubezpieczenie HOME - Na czym polega ubezpieczenie home?

Ubezpieczenie domu lub mieszkania jest ubezpieczeniem dobrowolnym.
Klient może je wykupić z własnej inicjatywy, albo wynikiem zawarcia ubezpieczenia może być bank.
Bank może wymagać od klienta ubezpieczenia na nieruchomość w wyniku zaciągniętego kredytu na kupno domu/mieszkania.

Dokument: 5
OWU_HOME_TWOJEMIEJSCE
Start paragraphs
Ogólne warunki ubezpieczeń mieszkaniowych ""Twoje miejsce"". Dokument jest związany z ubezpieczeniem nieruchomości.
	21)	Kradzież zwykła – kradzież mienia znajdującego się na ogrodzonej (teren musi być ogrodzony tak, by osoba trzecia nie mogła mieć do niego swobodnego dostępu, tj. niewymagającego jakiejkolwiek dodatkowej aktywności z jej strony, np. otwarcia bramy lub przeskoczenia ogrodzenia) posesji domu jednorodzinnego, tarasie, balkonie, a także kradzież elementów zewnętrznych budynków niemieszkalnych;
	22)	Lekarz – osoba posiadająca wymagane na terytorium Rzeczypospolitej Polskiej kwalifikacje, potwierdzone dokumentami, do udzielania świadczeń medycznych, nie będąca członkiem najbliższej rodziny Ubezpieczonego;
	23)	Lekarz Centrum Alarmowego – zatrudniony w Centrum Alarmowym lekarz konsultant;
	24)	Materiały budowlane – należące do Ubezpieczonego surowce, półfabrykaty niezbędne do realizacji budowy ubezpieczonego domu jednorodzinnego, domu letniskowego, budynku niemieszkalnego lub obiektów małej architektury, stosowane w robotach budowlanych, a także urządzenia i instalacje przed montażem;
	25)	Meble ogrodowe – niezwiązane trwale z gruntem następujące obiekty: stoły, krzesła, leżaki, fotele oraz grille (w tym elektryczne), usytuowane na gruncie na terenie posesji, tarasie, loggii lub balkonie ubezpieczonego domu jednorodzinnego;
	26)	Miejsce ubezpieczenia – ubezpieczone mieszkanie, dom jednorodzinny, w tym w stadium budowy, lub dom letniskowy, pomieszczenia przynależne lub użytkowane przez Ubezpieczonego na podstawie prawa własności, decyzji administracyjnej lub umowy najmu, a także użyczenia, budynek niemieszkalny oraz posesja, na której znajduje się ubezpieczony dom jednorodzinny, w tym w stadium budowy, lub dom letniskowy;
	27)	Mienie – dom jednorodzinny, dom letniskowy, dom jednorodzinny w budowie, elementy posesji, mieszkanie wraz z pomieszczeniami przynależnymi oraz użytkowanymi przez Ubezpieczonego na podstawie prawa własności lub wyposażenie, które mogą stanowić przedmiot umowy ubezpieczenia, a w ubezpieczeniu od wszystkich ryzyk (All Risk), także roślinność ogrodowa;
	28)	Mieszkanie – znajdujące się w budynku mieszkalnym wielorodzinnym wyodrębnione pomieszczenie lub zespół pomieszczeń służących zaspokajaniu potrzeb mieszkaniowych (dalej również: „lokal mieszkalny”);
	29)	Mury – przegrody budowlane, które wydzielają budynek z przestrzeni wraz z elewacją, izolacją cieplną oraz fundament, dach wraz z pokryciem dachowym, tarasy, balkony – z wyłączeniem stałych elementów wymienionych w pkt 60), w ramach jednej z następujących kategorii mienia:
			a)	dom jednorodzinny lub dom jednorodzinny w stadium budowy lub
			b)	dom letniskowy,
			c)	budynek niemieszkalny,
			d)	mieszkanie wraz z pomieszczeniami przynależnymi lub użytkowanymi przez Ubezpieczonego na podstawie prawa własności;
	30)	Nagłe zachorowanie – stan chorobowy powstały w sposób nagły, wymagający natychmiastowej pomocy medycznej;
	31)	Nagrobek – znajdujący się na terytorium Polski obiekt budowlany, który jest przeznaczony do pochówku osób lub upamiętnienia zmarłego. Nagrobek składa się z następujących elementów: płyty, tablicy napisowej, liter, rzeźby nagrobnej, innych elementów ozdobnych – zamocowanych na stałe w taki sposób, że ich zdemontowanie nie jest możliwe bez pozostawienia śladów, które stanowią dowód użycia siły lub narzędzi;
	32)	Narzędzia budowlane – należące do Ubezpieczonego przenośne narzędzia lub urządzenia stosowane w robotach budowlanych, służące do wykończenia będącego w budowie ubezpieczonego domu jednorodzinnego;
	33)	Nieszczęśliwy wypadek – przypadkowe, nagłe zdarzenie powstałe w okresie odpowiedzialności Ubezpieczyciela, wywołane przyczyną zewnętrzną, niezależne od woli Ubezpieczonego ani od stanu jego zdrowia w ubezpieczeniu NNW, a w przypadku ubezpieczenia pupili – niezależnie od stanu zdrowia psa lub kota, w następstwie którego Ubezpieczony, a w ubezpieczeniu pupili pies lub kot, doznał uszkodzenia ciała lub zmarł. Za nieszczęśliwy wypadek w ubezpieczeniu NNW nie uznaje się następstw zdrowotnych przeciążenia, wysiłku, dźwignięcia, pochylenia, a także zawału serca, udaru mózgu i innych chorób, nawet jeżeli wystąpiły nagle;
	34)	Obiekty małej architektury – trwale związane z gruntem następujące obiekty budowlane usytuowane na terenie posesji: wiaty, nawierzchnie placów i podjazdów, posągi, murki ogrodowe, grille murowane, fontanny, baseny, pergole, altany, przytwierdzone do podłoża urządzenia sportowe służące do rekreacji, piaskownice, śmietniki, zamontowane na stałe instalacje: zraszająca, oświetleniowa, służące do dostarczania energii, ciepła, wody, gazu, także ogrodzenie posesji wraz z bramą, otwieraną ręcznie lub sterowaniem radiowym i jej wyposażeniem instalacyjnym. Za obiekty małej architektury nie są uznawane zainstalowane na gruncie na terenie posesji instalacje fotowoltaiczne (wraz z panelami fotowoltaicznymi), kolektory słoneczne i pompy ciepła;
	35)	Okres ubezpieczenia – okres odpowiedzialności Ubezpieczyciela;
	36)	Osoba bliska – małżonek, małżonka, konkubina, konkubent, wstępni, zstępni, pasierbica, pasierb, dziecko przysposobione albo przyjęte na wychowanie przez Ubezpieczonego, przysposabiający, rodzeństwo, ojczym, macocha, teściowie, zięć, synowa, małżonkowie rodzeństwa, dzieci rodzeństwa;
	37)	Papiery wartościowe – czeki, weksle, obligacje, akcje, konosamenty, akredytywy dokumentowe i inne dokumenty zastępujące w obrocie gotówkę;
	38)	Pękanie mrozowe – spowodowane mrozem pęknięcie znajdujących się wewnątrz domu jednorodzinnego lub mieszkania urządzeń kąpielowych, umywalek, spłuczek, syfonów, wodomierzy, kotłów, bojlerów, pomp cieplnych, rur dopływowych (wodociągowych) lub odpływowych (kanalizacyjnych), instalacji grzewczych, klimatyzacyjnych, tryskaczowych lub gaśniczych bądź wyciek pary, wody lub innej cieczy; w ubezpieczeniu od wszystkich ryzyk (All Risk) również spowodowane mrozem pęknięcie elementów konstrukcyjnych oraz instalacji zewnętrznych znajdujących się na terenie posesji, na której posadowiony jest dom jednorodzinny;
	39)	Polisa – dokument ubezpieczenia, wystawiony przez Ubezpieczyciela, potwierdzający zawarcie umowy ubezpieczenia i jej warunki;
	40)	Pomieszczenie przynależne – pomieszczenie, które stanowi część składową ubezpieczonego mieszkania lub domu jednorodzinnego, nawet jeśli dane pomieszczenie nie przylega bezpośrednio do mieszkania, ale znajduje się w tym samym budynku wielorodzinnym co ubezpieczone mieszkanie lub na posesji domu jednorodzinnego: piwnica, komórka, strych, pomieszczenie gospodarcze, garaż wolno stojący, miejsce parkingowe w garażu podziemnym. Pomieszczeniem przynależnym nie jest zabudowany korytarz;
	41)	Pomoc domowa – osoba wykonująca prace w zakresie czynności życia codziennego na podstawie umowy o pracę lub umowy cywilnoprawnej zawartej z Ubezpieczonym;
	42)	Posesja – zabudowana nieruchomość gruntowa, stanowiąca własność Ubezpieczonego lub będąca w jego posiadaniu na podstawie umowy cywilnoprawnej;
	43)	Powierzchnia użytkowa – powierzchnia wszystkich pomieszczeń znajdujących się w domu jednorodzinnym, domu letniskowym – w tym w stadium budowy – lub mieszkaniu, a w szczególności pokoi, kuchni, przedpokoi, korytarzy, łazienek; przy ustalaniu powierzchni użytkowej nie wlicza się powierzchni balkonów, tarasów, loggii, antresoli oraz pomieszczeń gospodarczych poza mieszkaniem;
	44)	Powódź – zalanie terenu w następstwie podniesienia się poziomu wody w korytach wód płynących lub stojących; fakt wystąpienia powodzi ustala się w oparciu o informacje uzyskane z Instytutu Meteorologii i Gospodarki Wodnej (IMGW), a w przypadku braku uzyskania odpowiednich informacji z IMGW bierze się pod uwagę stan faktyczny i rozmiar szkód w miejscu ubezpieczenia, świadczące o wystąpieniu powodzi;
	45)	Przedmioty wartościowe – mienie ruchome znajdujące się w mieszkaniu lub domu jednorodzinnym, takie jak: wyroby wykonane w całości lub części ze srebra, złota i platyny, monety, biżuteria (w tym zegarki), dzieła sztuki, znaczki filatelistyczne, pieniądze i inne środki płatnicze, papiery wartościowe;
	46)	Przepięcie – gwałtowna zmiana napięcia w sieci elektrycznej;
</results>
---------------------
Odpowiedz na pytanie użytkownika wykorzystując tylko informacje znajdujące się w dokumentach, a nie wcześniejszą wiedzę.
Udziel wysokiej jakości, poprawnej gramatycznie odpowiedzi w języku polskim. Odpowiedź powinna zawierać cytowania do dokumentów, z których pochodzą informacje. Zacytuj dokument za pomocą symbolu [nr_dokumentu] powołując się na fragment np. [1] dla fragmentu z dokumentu 1. Jeżeli w dokumentach nie ma informacji potrzebnych do odpowiedzi na pytanie, zamiast odpowiedzi zwróć tekst: ""Nie udało mi się odnaleźć odpowiedzi na pytanie"".

Pytanie: Co obejmuje ubezpieczenie mieszkania?",Co obejmuje ubezpieczenie mieszkania?,Od czego chroni ryzyko szkody mrozowe?,reformulate,Uniqa_test,Od czego chroni ryzyko szkody mrozowe w ubezpieczeniu mieszkania?
Co obejmuje ubezpieczenie mieszkania?,"Ubezpieczenie mieszkania obejmuje następujące elementy i zakresy ochrony:  

1. **Szkody powstałe wskutek niezależnych od woli ubezpieczonego zdarzeń**, w tym wyrządzone przez ubezpieczonego wskutek rażącego niedbalstwa, z wyjątkiem ryzyka powodzi (chyba że umowa została rozszerzona po zapłacie dodatkowej składki) oraz zdarzeń wyłączonych w OWU [1][2].  
2. **Zdarzenia losowe oraz ryzyko kradzieży z włamaniem i rabunku**, z możliwością rozszerzenia o ryzyko powodzi po zapłacie dodatkowej składki [1][2].  
3. **Wyposażenie mieszkania**, w tym:  
   - ruchomości domowe znajdujące się w pomieszczeniach przynależnych lub użytkowanych przez ubezpieczonego (np. na podstawie umowy najmu) [3],  
   - rzeczy osobiste gości (jeśli suma ubezpieczenia ruchomości domowych wynosi co najmniej 20 000 zł) [3],  
   - ruchomości w trakcie przeprowadzki (w okresie 30 dni po zgłoszeniu faktu przeprowadzki) [3].  
4. **Meble ogrodowe** – ochrona w zakresie wynikającym z ubezpieczenia mienia od ognia i innych zdarzeń losowych [1][2].  
5. **Dodatkowe opcje** (za dodatkową składką):  
   - ubezpieczenie źródeł zielonej energii (np. instalacji fotowoltaicznych) [2],  
   - ubezpieczenie ruchomości poza domem (np. podczas podróży) [2].  

Wyłączenia odpowiedzialności obejmują m.in. szkody spowodowane błędami konstrukcyjnymi, zawilgoceniem pomieszczeń z powodu nieszczelności instalacji, pęknięciem rur z powodu zamarznięcia wody (jeśli ubezpieczony nie dopełnił obowiązku utrzymania odpowiedniej temperatury) oraz zalanie wodą przez niezabezpieczone okna lub drzwi [2].  

Ochrona ubezpieczeniowa w przypadku powodzi rozpoczyna się po 31 dniach od zawarcia umowy, chyba że jest to kontynuacja poprzedniej umowy [2].","Numerowana lista dokumentów jest poniżej:
---------------------
<results>
Dokument: 1
OWU_HOME_TWOJEMIEJSCE
Fragment 40
Umowa ubezpieczenia od wszystkich ryzyk („All Risk”) domu jednorodzinnego lub mieszkania obejmuje szkody powstałe wskutek wszystkich niezależnych od woli Ubezpieczonego, przyszłych i niepewnych, o nagłym charakterze zdarzeń, nawet niemieszczących się w definicji zdarzeń losowych zawartej w OWU, w tym wyrządzonych przez Ubezpieczonego wskutek rażącego niedbalstwa z zastrzeżeniem jednak § 38 ust. 2, a także z wyjątkiem ryzyka powodzi oraz zdarzeń wyłączonych na mocy zapisów OWU lub na podstawie postanowień dodatkowych do umowy ubezpieczenia uzgodnionych przez jej strony, przy czym po zapłacie dodatkowej składki umowa może być rozszerzona o ryzyko powodzi. 7. Umowa ubezpieczenia domu w budowie obejmuje ryzyko kradzieży z włamaniem i rabunku, gdy dom w budowie jest w stanie surowym zamkniętym, a po zapłacie dodatkowej składki może być rozszerzona o ryzyko powodzi. 8. O ile nie umówiono się inaczej, umowa ubezpieczenia domu letniskowego obejmuje zdarzenia losowe oraz ryzyko kradzieży z włamaniem i rabunku, a po zapłacie dodatkowej składki może być rozszerzona o ryzyko powodzi. 9. O ile nie umówiono się inaczej, umowa ubezpieczenia elementów posesji oraz wyposażenia obejmuje te same ryzyka, które są objęte ochroną ubezpieczeniową w ramach ubezpieczenia odpowiednio domu jednorodzinnego, mieszkania, domu w budowie lub domu letniskowego, z zastrzeżeniem zdania następnego. Meble ogrodowe obejmowane są ochroną w zakresie wynikającym z ubezpieczenia mienia od ognia i innych zdarzeń losowych.

Dokument: 2
OWU_HOME_TWOJEMIEJSCE
Start paragraphs
Ogólne warunki ubezpieczeń mieszkaniowych ""Twoje miejsce"". Dokument jest związany z ubezpieczeniem nieruchomości.
			4)	Dewastacje,
			5)	Przepięcia,
			6)	Przedmioty wartościowe,
			7)	Powódź,
			8)	Ubezpieczenie szyb i elementów szklanych,
			9)	Elementy posesji,
			10)	OC Standard,
			11)	OC Premium,
			12)	OC Najemcy,
			13)	OC Inwestycji,
			14)	Ubezpieczenie NNW,
			15)	Ubezpieczenie pupili (pies i kot),
			16)	Assistance domowy,
			17)	Pomoc Medyczna 24.
	3.	Ubezpieczenie domu jednorodzinnego, w tym w stadium budowy, lub domu letniskowego może być rozszerzone o ubezpieczenie źródeł zielonej energii za zapłatą dodatkowej składki. 
	4.	Ubezpieczenie mienia może być rozszerzone o ubezpieczenie ruchomości poza domem za zapłatą dodatkowej składki. 
	5.	Ubezpieczenie mienia może być rozszerzone o ubezpieczenie nagrobka za zapłatą dodatkowej składki. 
	6.	Umowa ubezpieczenia od wszystkich ryzyk („All Risk”) domu jednorodzinnego lub mieszkania obejmuje szkody powstałe wskutek wszystkich niezależnych od woli Ubezpieczonego, przyszłych i niepewnych, o nagłym charakterze zdarzeń, nawet niemieszczących się w definicji zdarzeń losowych zawartej w OWU, w tym wyrządzonych przez Ubezpieczonego wskutek rażącego niedbalstwa z zastrzeżeniem jednak § 38 ust. 2, a także z wyjątkiem ryzyka powodzi oraz zdarzeń wyłączonych na mocy zapisów OWU lub na podstawie postanowień dodatkowych do umowy ubezpieczenia uzgodnionych przez jej strony, przy czym po zapłacie dodatkowej składki umowa może być rozszerzona o ryzyko powodzi.
	7.	Umowa ubezpieczenia domu w budowie obejmuje ryzyko kradzieży z włamaniem i rabunku, gdy dom w budowie jest w stanie surowym zamkniętym, a po zapłacie dodatkowej składki może być rozszerzona o ryzyko powodzi.
	8.	O ile nie umówiono się inaczej, umowa ubezpieczenia domu letniskowego obejmuje zdarzenia losowe oraz ryzyko kradzieży z włamaniem i rabunku, a po zapłacie dodatkowej składki może być rozszerzona o ryzyko powodzi.
	9.	O ile nie umówiono się inaczej, umowa ubezpieczenia elementów posesji oraz wyposażenia obejmuje te same ryzyka, które są objęte ochroną ubezpieczeniową w ramach ubezpieczenia odpowiednio domu jednorodzinnego, mieszkania, domu w budowie lub domu letniskowego, z zastrzeżeniem zdania następnego. Meble ogrodowe obejmowane są ochroną w zakresie wynikającym z ubezpieczenia mienia od ognia i innych zdarzeń losowych.
	10.	O ile nie umówiono się inaczej, umowa ubezpieczenia źródeł zielonej energii obejmuje te same ryzyka, które są objęte ochroną ubezpieczeniową w ramach ubezpieczenia odpowiednio domu jednorodzinnego, w tym w stadium budowy, lub domu letniskowego. Dodatkowo, w razie przerwy w pracy źródeł zielonej energii, spowodowanej zdarzeniem ubezpieczeniowym objętym umową ubezpieczenia, Ubezpieczyciel zwróci (w granicach sumy ubezpieczenia) poniesione przez Ubezpieczonego koszty związane z koniecznością nabycia energii z sieci zewnętrznych przez okres przerwy w pracy, o której mowa w zdaniu poprzednim, nie dłużej jednak niż przez okres 3 miesięcy. Zwrotu dokonuje się na podstawie przedstawionych przez Ubezpieczonego rachunków. 
	11.	O ile nie umówiono się inaczej, umowa ubezpieczenia ruchomości poza domem obejmuje zdarzenia losowe oraz ryzyko kradzieży z włamaniem i rabunku. Ubezpieczenie ruchomości poza domem obejmuje zdarzenia ubezpieczeniowe zaistniałe poza miejscem ubezpieczenia na terytorium Polski lub całego świata – zgodnie z wyborem dokonanym przez Ubezpieczającego podczas zawierania umowy ubezpieczenia. 
	12.	O ile nie umówiono się inaczej, umowa ubezpieczenia nagrobka obejmuje zdarzenia losowe oraz ryzyko dewastacji i kradzieży elementów nagrobka zamontowanych na stałe.
	13.	W granicach sumy ubezpieczenia Ubezpieczyciel odpowiada również za szkody w ubezpieczonym mieniu powstałe w skutek akcji ratowniczej tj. działania podjętego w celu ratowania przedmiotu ubezpieczenia w razie zajścia zdarzenia objętego ubezpieczeniem lub ratowania zdrowia i życia Ubezpieczonego (a także osób bliskich) w miejscu ubezpieczenia, o ile działania te były celowe, chociażby okazały się bezskuteczne.
	§ 28
	W razie zajścia zdarzenia ubezpieczeniowego, Ubezpieczyciel pokrywa również udokumentowane koszty utraty wody lub gazu oraz – o ile nie umówiono się inaczej – koszty poszukiwania i usunięcia przyczyny szkody, z wyłączeniem kosztów napraw wyposażenia instalacyjnego (pieców, bojlerów, podgrzewaczy, itp.), jeżeli jego zniszczenie lub uszkodzenie nie wynika z tego zdarzenia. Postanowienia zdania poprzedzającego nie naruszają zapisu § 17 ust. 1 i ust. 3.
	§ 29
	1.	W umowie ubezpieczenia, której przedmiotem jest:
			1)	dom jednorodzinny w stadium budowy wraz z elementami stałymi, narzędzia budowlane oraz materiały budowlane;
			2)	budynki niemieszkalne i obiekty małej architektury w budowie lub na działce rekreacyjnej;
			3)	dom letniskowy wraz z wyposażeniem,
		Ubezpieczyciel odpowiada za szkody powstałe w następstwie zdarzeń losowych oraz kradzieży z włamaniem lub rabunku, z zastrzeżeniem ust. 3.
	2.	Po zapłacie dodatkowej składki ochrona ubezpieczeniowa może być rozszerzona o ryzyko powodzi.
	3.	Ubezpieczyciel odpowiada za szkody powstałe w następstwie kradzieży z włamaniem lub rabunku, gdy dom w budowie jest w stanie surowym zamkniętym. 
	§ 30
	W przypadku zawarcia umowy ubezpieczenia, której przedmiotem jest wyposażenie na sumę ubezpieczenia nie niższą niż 20 000 zł, jeżeli doszło do zdarzenia, za które Ubezpieczyciel ponosi odpowiedzialność w ramach niniejszego OWU, a które uniemożliwia stałe dalsze użytkowanie ubezpieczonej nieruchomości zgodnie z jej przeznaczeniem lub istnieje ryzyko powiększenia szkody, Ubezpieczyciel w granicach sumy ubezpieczenia wyposażenia pokrywa również poniesione i udokumentowane przez Ubezpieczonego koszty związane z transportem i tymczasowym składowaniem ubezpieczonego wyposażenia.
	Okres ubezpieczenia
	§ 31
	Ochrona ubezpieczeniowa w zakresie szkód powstałych w następstwie powodzi rozpoczyna się najwcześniej po upływie 31 dni od daty zawarcia umowy ubezpieczenia. Warunek wskazany w zdaniu poprzedzającym nie ma zastosowania dla drugiej i kolejnych umów ubezpieczenia zawartych z Ubezpieczycielem, dotyczących tego samego miejsca ubezpieczenia, o ile dana umowa zostanie zawarta nie później niż w ciągu 30 dni po zakończeniu okresu ubezpieczenia w poprzedniej umowy ubezpieczenia.
	Wyłączenia odpowiedzialności
	§ 32
	Ubezpieczyciel nie odpowiada za szkody powstałe:
	1)	wskutek błędów konstrukcyjnych w ubezpieczonym mieniu zaistniałych zarówno na etapie projektu, jak i wykonawstwa;
	2)	wskutek systematycznego zawilgocenia pomieszczeń z powodu nieszczelności instalacji wodnej, centralnego ogrzewania, kanalizacyjnej, klimatyzacji lub niewłaściwej wentylacji pomieszczeń, w tym również kondensacji wilgoci zawartej w powietrzu na powierzchni rur lub ścian;
	3)	wskutek przenikania wód gruntowych lub cofnięcia się wody lub ścieków z urządzeń kanalizacyjnych w wyniku podniesienia poziomu wód gruntowych z wyjątkiem sytuacji, gdy było to następstwem powodzi, która była objęta ochroną ubezpieczeniową (szkody powstałe wskutek przenikania wód gruntowych w wyniku deszczu nawalnego nie są wyłączone z odpowiedzialności w ubezpieczeniu od wszystkich ryzyk (All Risk);
	4)	wskutek pęknięcia rur i wyposażenia instalacyjnego z powodu zamarznięcia wody lub innej cieczy, jeżeli Ubezpieczający lub Ubezpieczony nie dopełnił należytej staranności w utrzymaniu odpowiedniej temperatury w pomieszczeniach;
	5)	wskutek zalania wodą pochodzącą z opadów atmosferycznych poprzez niezabezpieczone albo niezamknięte okna, drzwi lub inne otwory, jeżeli obowiązek ich zamknięcia lub zabezpieczenia należał do Ubezpieczającego lub Ubezpieczonego chyba, że niedopełnienie tego obowiązku nie miało wpływu na zajście zdarzenia ubezpieczeniowego;
	6)	wskutek zalania wodą pochodzącą z opadów atmosferycznych, innych niż deszcz nawalny, poprzez dach, ściany, balkony, tarasy, okna wskutek ich wadliwej konserwacji, jeżeli obowiązek ich konserwacji należał do Ubezpieczającego lub Ubezpieczonego chyba, że niedopełnienie tego obowiązku nie miało wpływu na zajście zdarzenia ubezpieczeniowego;

Dokument: 3
OWU_HOME_TWOJEMIEJSCE
Fragment 38
Inne pomieszczenia niż pomieszczenia przynależne do wyłącznego użytku Ubezpieczonego są ubezpieczone w ramach ubezpieczeń, o których mowa w ust. 1, o ile się tak umówiono. 3. Stałe elementy budynków niemieszkalnych są ubezpieczone, jeżeli przedmiotem ubezpieczenia są stałe elementy domu jednorodzinnego. § 26 O ile nie umówiono się inaczej, w umowie ubezpieczenia, której przedmiotem jest wyposażenie domu jednorodzinnego lub mieszkania, ubezpieczeniem objęte są również: 1) udokumentowane nakłady inwestycyjne Ubezpieczonego w domu jednorodzinnym lub mieszkaniu nie będącym własnością Ubezpieczonego, użytkowanym na podstawie umowy najmu lub innej umowy cywilnoprawnej albo decyzji administracyjnej, rozumiane jako nakłady finansowe lub rzeczowe w miejscu ubezpieczenia, których celem jest ulepszenie (przebudowa, rozbudowa, remont lub modernizacja) wyposażenia ubezpieczonego domu lub mieszkania; 2) ruchomości domowe znajdujące się w pomieszczeniach przynależnych lub użytkowanych przez Ubezpieczonego na podstawie prawa własności, decyzji administracyjnej lub umowy najmu a także użyczenia, pod warunkiem, że pomieszczenia te są przeznaczone i wykorzystywane do wyłącznego użytku Ubezpieczonego; 3) ruchomości domowe znajdujące się czasowo w posiadaniu Ubezpieczonego, jeżeli zostały mu wypożyczone lub oddane do używania pod warunkiem, że fakt wypożyczenia lub oddania do używania został udowodniony; 4) ruchomości domowe w trakcie przeprowadzki Ubezpieczonego z mieszkania lub domu jednorodzinnego, stanowiącego jego dotychczasowe miejsce zamieszkania (wskazane w polisie albo wnioskopolisie) do innego mieszkania lub domu jednorodzinnego oraz w okresie 30 dni po dniu zgłoszenia Ubezpieczycielowi faktu przeprowadzki. W przypadku zgłoszenia Ubezpieczycielowi przez Ubezpieczonego faktu przeprowadzki Ubezpieczyciel obejmie ochroną ubezpieczeniową, w okresie wskazanym w zdaniu poprzedzającym, ruchomości domowe Ubezpieczonego w takim samym zakresie, jak w dotychczasowym miejscu ubezpieczenia, z zastrzeżeniem, że ochroną ubezpieczeniową nie są objęte szkody powstałe w wyniku zagubienia, zniszczenia lub uszkodzenia mienia w trakcie transportu oraz w trakcie demontażu lub montażu. Warunkiem objęcia ochroną ubezpieczeniową ruchomości domowych na czas przeprowadzki oraz określony w niniejszym punkcie czas po jej zakończeniu jest pisemne lub elektroniczne zgłoszenie przez Ubezpieczonego faktu przeprowadzki, podanie daty oraz nowego adresu zamieszkania, nie później niż na dzień przed rozpoczęciem ochrony pod warunkiem, że zabezpieczenia w nowym mieszkaniu lub domu jednorodzinnym odpowiadają wymogom niniejszych OWU; 5) rzeczy osobiste gości w zakresie tożsamym z określonym dla ruchomości domowych – wyłącznie w przypadku zawarcia umowy ubezpieczenia ruchomości domowych od ognia i innych zdarzeń losowych oraz kradzieży z włamaniem i rabunku albo wszystkich ryzyk (All Risk) na sumę ubezpieczenia wynoszącą nie mniej niż 20 000 zł. Zakres ubezpieczenia § 27 1. Mienie może zostać objęte ochroną ubezpieczeniową od ognia i innych zdarzeń losowych oraz kradzieży z włamaniem i rabunku albo od wszystkich ryzyk (All Risk).

Dokument: 4
BAZA WIEDZY MAJĄTEK
Ubezpieczenie HOME-Na czym polega ubezpieczenie home?
Baza wiedzy majątkowa związana z ubezpieczeniami majątku i nieruchomości.
Ubezpieczenie HOME - Na czym polega ubezpieczenie home?

Ubezpieczenie domu lub mieszkania jest ubezpieczeniem dobrowolnym.
Klient może je wykupić z własnej inicjatywy, albo wynikiem zawarcia ubezpieczenia może być bank.
Bank może wymagać od klienta ubezpieczenia na nieruchomość w wyniku zaciągniętego kredytu na kupno domu/mieszkania.

Dokument: 5
OWU_HOME_TWOJEMIEJSCE
Start paragraphs
Ogólne warunki ubezpieczeń mieszkaniowych ""Twoje miejsce"". Dokument jest związany z ubezpieczeniem nieruchomości.
	21)	Kradzież zwykła – kradzież mienia znajdującego się na ogrodzonej (teren musi być ogrodzony tak, by osoba trzecia nie mogła mieć do niego swobodnego dostępu, tj. niewymagającego jakiejkolwiek dodatkowej aktywności z jej strony, np. otwarcia bramy lub przeskoczenia ogrodzenia) posesji domu jednorodzinnego, tarasie, balkonie, a także kradzież elementów zewnętrznych budynków niemieszkalnych;
	22)	Lekarz – osoba posiadająca wymagane na terytorium Rzeczypospolitej Polskiej kwalifikacje, potwierdzone dokumentami, do udzielania świadczeń medycznych, nie będąca członkiem najbliższej rodziny Ubezpieczonego;
	23)	Lekarz Centrum Alarmowego – zatrudniony w Centrum Alarmowym lekarz konsultant;
	24)	Materiały budowlane – należące do Ubezpieczonego surowce, półfabrykaty niezbędne do realizacji budowy ubezpieczonego domu jednorodzinnego, domu letniskowego, budynku niemieszkalnego lub obiektów małej architektury, stosowane w robotach budowlanych, a także urządzenia i instalacje przed montażem;
	25)	Meble ogrodowe – niezwiązane trwale z gruntem następujące obiekty: stoły, krzesła, leżaki, fotele oraz grille (w tym elektryczne), usytuowane na gruncie na terenie posesji, tarasie, loggii lub balkonie ubezpieczonego domu jednorodzinnego;
	26)	Miejsce ubezpieczenia – ubezpieczone mieszkanie, dom jednorodzinny, w tym w stadium budowy, lub dom letniskowy, pomieszczenia przynależne lub użytkowane przez Ubezpieczonego na podstawie prawa własności, decyzji administracyjnej lub umowy najmu, a także użyczenia, budynek niemieszkalny oraz posesja, na której znajduje się ubezpieczony dom jednorodzinny, w tym w stadium budowy, lub dom letniskowy;
	27)	Mienie – dom jednorodzinny, dom letniskowy, dom jednorodzinny w budowie, elementy posesji, mieszkanie wraz z pomieszczeniami przynależnymi oraz użytkowanymi przez Ubezpieczonego na podstawie prawa własności lub wyposażenie, które mogą stanowić przedmiot umowy ubezpieczenia, a w ubezpieczeniu od wszystkich ryzyk (All Risk), także roślinność ogrodowa;
	28)	Mieszkanie – znajdujące się w budynku mieszkalnym wielorodzinnym wyodrębnione pomieszczenie lub zespół pomieszczeń służących zaspokajaniu potrzeb mieszkaniowych (dalej również: „lokal mieszkalny”);
	29)	Mury – przegrody budowlane, które wydzielają budynek z przestrzeni wraz z elewacją, izolacją cieplną oraz fundament, dach wraz z pokryciem dachowym, tarasy, balkony – z wyłączeniem stałych elementów wymienionych w pkt 60), w ramach jednej z następujących kategorii mienia:
			a)	dom jednorodzinny lub dom jednorodzinny w stadium budowy lub
			b)	dom letniskowy,
			c)	budynek niemieszkalny,
			d)	mieszkanie wraz z pomieszczeniami przynależnymi lub użytkowanymi przez Ubezpieczonego na podstawie prawa własności;
	30)	Nagłe zachorowanie – stan chorobowy powstały w sposób nagły, wymagający natychmiastowej pomocy medycznej;
	31)	Nagrobek – znajdujący się na terytorium Polski obiekt budowlany, który jest przeznaczony do pochówku osób lub upamiętnienia zmarłego. Nagrobek składa się z następujących elementów: płyty, tablicy napisowej, liter, rzeźby nagrobnej, innych elementów ozdobnych – zamocowanych na stałe w taki sposób, że ich zdemontowanie nie jest możliwe bez pozostawienia śladów, które stanowią dowód użycia siły lub narzędzi;
	32)	Narzędzia budowlane – należące do Ubezpieczonego przenośne narzędzia lub urządzenia stosowane w robotach budowlanych, służące do wykończenia będącego w budowie ubezpieczonego domu jednorodzinnego;
	33)	Nieszczęśliwy wypadek – przypadkowe, nagłe zdarzenie powstałe w okresie odpowiedzialności Ubezpieczyciela, wywołane przyczyną zewnętrzną, niezależne od woli Ubezpieczonego ani od stanu jego zdrowia w ubezpieczeniu NNW, a w przypadku ubezpieczenia pupili – niezależnie od stanu zdrowia psa lub kota, w następstwie którego Ubezpieczony, a w ubezpieczeniu pupili pies lub kot, doznał uszkodzenia ciała lub zmarł. Za nieszczęśliwy wypadek w ubezpieczeniu NNW nie uznaje się następstw zdrowotnych przeciążenia, wysiłku, dźwignięcia, pochylenia, a także zawału serca, udaru mózgu i innych chorób, nawet jeżeli wystąpiły nagle;
	34)	Obiekty małej architektury – trwale związane z gruntem następujące obiekty budowlane usytuowane na terenie posesji: wiaty, nawierzchnie placów i podjazdów, posągi, murki ogrodowe, grille murowane, fontanny, baseny, pergole, altany, przytwierdzone do podłoża urządzenia sportowe służące do rekreacji, piaskownice, śmietniki, zamontowane na stałe instalacje: zraszająca, oświetleniowa, służące do dostarczania energii, ciepła, wody, gazu, także ogrodzenie posesji wraz z bramą, otwieraną ręcznie lub sterowaniem radiowym i jej wyposażeniem instalacyjnym. Za obiekty małej architektury nie są uznawane zainstalowane na gruncie na terenie posesji instalacje fotowoltaiczne (wraz z panelami fotowoltaicznymi), kolektory słoneczne i pompy ciepła;
	35)	Okres ubezpieczenia – okres odpowiedzialności Ubezpieczyciela;
	36)	Osoba bliska – małżonek, małżonka, konkubina, konkubent, wstępni, zstępni, pasierbica, pasierb, dziecko przysposobione albo przyjęte na wychowanie przez Ubezpieczonego, przysposabiający, rodzeństwo, ojczym, macocha, teściowie, zięć, synowa, małżonkowie rodzeństwa, dzieci rodzeństwa;
	37)	Papiery wartościowe – czeki, weksle, obligacje, akcje, konosamenty, akredytywy dokumentowe i inne dokumenty zastępujące w obrocie gotówkę;
	38)	Pękanie mrozowe – spowodowane mrozem pęknięcie znajdujących się wewnątrz domu jednorodzinnego lub mieszkania urządzeń kąpielowych, umywalek, spłuczek, syfonów, wodomierzy, kotłów, bojlerów, pomp cieplnych, rur dopływowych (wodociągowych) lub odpływowych (kanalizacyjnych), instalacji grzewczych, klimatyzacyjnych, tryskaczowych lub gaśniczych bądź wyciek pary, wody lub innej cieczy; w ubezpieczeniu od wszystkich ryzyk (All Risk) również spowodowane mrozem pęknięcie elementów konstrukcyjnych oraz instalacji zewnętrznych znajdujących się na terenie posesji, na której posadowiony jest dom jednorodzinny;
	39)	Polisa – dokument ubezpieczenia, wystawiony przez Ubezpieczyciela, potwierdzający zawarcie umowy ubezpieczenia i jej warunki;
	40)	Pomieszczenie przynależne – pomieszczenie, które stanowi część składową ubezpieczonego mieszkania lub domu jednorodzinnego, nawet jeśli dane pomieszczenie nie przylega bezpośrednio do mieszkania, ale znajduje się w tym samym budynku wielorodzinnym co ubezpieczone mieszkanie lub na posesji domu jednorodzinnego: piwnica, komórka, strych, pomieszczenie gospodarcze, garaż wolno stojący, miejsce parkingowe w garażu podziemnym. Pomieszczeniem przynależnym nie jest zabudowany korytarz;
	41)	Pomoc domowa – osoba wykonująca prace w zakresie czynności życia codziennego na podstawie umowy o pracę lub umowy cywilnoprawnej zawartej z Ubezpieczonym;
	42)	Posesja – zabudowana nieruchomość gruntowa, stanowiąca własność Ubezpieczonego lub będąca w jego posiadaniu na podstawie umowy cywilnoprawnej;
	43)	Powierzchnia użytkowa – powierzchnia wszystkich pomieszczeń znajdujących się w domu jednorodzinnym, domu letniskowym – w tym w stadium budowy – lub mieszkaniu, a w szczególności pokoi, kuchni, przedpokoi, korytarzy, łazienek; przy ustalaniu powierzchni użytkowej nie wlicza się powierzchni balkonów, tarasów, loggii, antresoli oraz pomieszczeń gospodarczych poza mieszkaniem;
	44)	Powódź – zalanie terenu w następstwie podniesienia się poziomu wody w korytach wód płynących lub stojących; fakt wystąpienia powodzi ustala się w oparciu o informacje uzyskane z Instytutu Meteorologii i Gospodarki Wodnej (IMGW), a w przypadku braku uzyskania odpowiednich informacji z IMGW bierze się pod uwagę stan faktyczny i rozmiar szkód w miejscu ubezpieczenia, świadczące o wystąpieniu powodzi;
	45)	Przedmioty wartościowe – mienie ruchome znajdujące się w mieszkaniu lub domu jednorodzinnym, takie jak: wyroby wykonane w całości lub części ze srebra, złota i platyny, monety, biżuteria (w tym zegarki), dzieła sztuki, znaczki filatelistyczne, pieniądze i inne środki płatnicze, papiery wartościowe;
	46)	Przepięcie – gwałtowna zmiana napięcia w sieci elektrycznej;
</results>
---------------------
Odpowiedz na pytanie użytkownika wykorzystując tylko informacje znajdujące się w dokumentach, a nie wcześniejszą wiedzę.
Udziel wysokiej jakości, poprawnej gramatycznie odpowiedzi w języku polskim. Odpowiedź powinna zawierać cytowania do dokumentów, z których pochodzą informacje. Zacytuj dokument za pomocą symbolu [nr_dokumentu] powołując się na fragment np. [1] dla fragmentu z dokumentu 1. Jeżeli w dokumentach nie ma informacji potrzebnych do odpowiedzi na pytanie, zamiast odpowiedzi zwróć tekst: ""Nie udało mi się odnaleźć odpowiedzi na pytanie"".

Pytanie: Co obejmuje ubezpieczenie mieszkania?",Co obejmuje ubezpieczenie mieszkania?,Co obejmuje bagaż i foteliki?,not_reformulate,Uniqa_test,Co obejmuje bagaż i foteliki?
Czy można ubezpieczyć szyby?,"Z analizy dokumentów wynika, że szyby można ubezpieczyć, ale zakres ochrony zależy od rodzaju ubezpieczenia i warunków umowy.  

1. **Ubezpieczenie szyb w pojazdach**:  
   - Ubezpieczane są szyby (czołowe, boczne, tylne) w pojazdach należących do osób fizycznych, prawnych lub jednostek organizacyjnych [1].  
   - Wyłączenia obejmują m.in. pojazdy używane jako taksówki, do nauki jazdy, składaki, bez ważnego badania technicznego, sprowadzone z USA/Kanady, z kierownicą po prawej stronie oraz specjalistyczne pojazdy (np. koparki) [2].  
   - Ochrona obejmuje organizację i pokrycie kosztów naprawy/wymiany szyby uszkodzonej w wyniku wypadku, ale tylko na terytorium Polski [3].  

2. **Ubezpieczenie nieruchomości (Home)**:  
   - Szyby nie są objęte ochroną, jeśli uszkodzenie polega wyłącznie na zadrapaniu, porysowaniu, stłuczeniu lub pęknięciu (z wyjątkiem dewastacji) [4].  

3. **Ubezpieczenie Szyby Assistance**:  
   - Od 14.07.2023 oferowane jest jako dobrowolne ubezpieczenie dostępne w opcji do OC, z możliwością wymiany szyby na zamiennik lub oryginał [5].  

Podsumowując, szyby można ubezpieczyć, ale warunki i zakres ochrony różnią się w zależności od rodzaju ubezpieczenia (komunikacyjne, nieruchomości, assistance).","Numerowana lista dokumentów jest poniżej:
---------------------
<results>
Dokument: 1
OWU_KOMUNIKACYJNE_UNIQA
III. UBEZPIECZENIE SZYB (Szyby)-1.	Co ubezpieczamy?
Ogólne warunki ubezpieczenia komunikacyjnego związanego z ubezpieczaniem pojadów.
III. UBEZPIECZENIE SZYB (Szyby) - 1.	Co ubezpieczamy?

		Ubezpieczamy szyby (czołową, boczne i tylną) w pojazdach, które stanowią własność:
				a)	osób fizycznych;
				b)	osób prawnych;
				c)	jednostek organizacyjnych nieposiadających osobowości prawnej.

Dokument: 2
OWU_KOMUNIKACYJNE_UNIQA
III. UBEZPIECZENIE SZYB (Szyby)-2.	Czego nie ubezpieczamy?
Ogólne warunki ubezpieczenia komunikacyjnego związanego z ubezpieczaniem pojadów.
III. UBEZPIECZENIE SZYB (Szyby) - 2.	Czego nie ubezpieczamy?

		Nie ubezpieczamy szyb w pojazdach:
				a)	używanych jako rekwizyty;
				b)	używanych do nauki jazdy;
				c)	używanych jako taksówki lub jako pojazdy służące do przewozu pasażerów za opłatą;
				d)	używanych do świadczenia odpłatnych usług przewozowych i transportowych;
				e)	udostępnianych do korzystania innym osobom niż właściciel na podstawie odrębnych umów odpłatnych, z wyjątkiem umowy leasingu lub umowy najmu długoterminowego (tj. umowy najmu zawartej na okres co najmniej 12 miesięcy);
				f)	składanych z części – tzw. składaków;
				g)	nieposiadających ważnego badania technicznego w chwili składania wniosku o zawarcie umowy ubezpieczenia;
				h)	sprowadzonych z USA lub Kanady;
				i)	z kierownicą po prawej stronie;
				j)	wywrotek, tj. samochodów ciężarowych z przechylną do tyłu lub na bok skrzynią ładunkową, co umożliwia samoczynny rozładunek;
				k)	będących przyczepami lub przyczepami lekkimi;
				l)	przeznaczonych do zimowego utrzymania dróg, do prac wiertniczych, posiadających w tym celu specjalne wyposażenie lub dostosowane nadwozie, żurawi samochodowych, koparek, koparko-spycharek i ładowarek.

Dokument: 3
OWU_KOMUNIKACYJNE_UNIQA
III. UBEZPIECZENIE SZYB (Szyby)-3.	Jaki jest zakres ubezpieczenia?
Ogólne warunki ubezpieczenia komunikacyjnego związanego z ubezpieczaniem pojadów.
III. UBEZPIECZENIE SZYB (Szyby) - 3.	Jaki jest zakres ubezpieczenia?

		3.1.	Ochroną ubezpieczeniową obejmujemy organizację i pokrycie kosztów usług assistance, polegających na naprawie lub wymianie szyby uszkodzonej lub zniszczonej w wyniku wypadku.
		3.2.	Ochroną ubezpieczeniową obejmujemy wypadki, do których doszło w czasie trwania naszej odpowiedzialności z tytułu ubezpieczenia Szyby.
		3.3.	Ochroną ubezpieczeniową obejmujemy wypadki zaistniałe na terytorium Polski.

Dokument: 4
OWU_HOME_TWOJEMIEJSCE
Fragment 46
2. Ochroną ubezpieczeniową nie są objęte następujące ruchomości domowe lub ruchomości poza domem, które uległy uszkodzeniu jedynie przez zadrapanie lub porysowanie, stłuczenie lub pęknięcie elementów stanowiących ich część (nie dotyczy ryzyka dewastacji): sprzęt elektryczny lub elektroniczny, audiowizualny, komputerowy, fotograficzny, optyczny, nośniki danych i urządzenia gospodarstwa domowego, biżuteria (w tym zegarki), instrumenty muzyczne, okulary, artykuły piśmiennicze, kamienie szlachetne, zastawy kuchenne oraz stołowe, a także szyby, przedmioty szklane i płyty kamienne nie będące elementami stałymi lub takie, które nie zostały zamontowane bądź zainstalowane w miejscu ubezpieczenia. Wyłączenie to nie ma zastosowania w sytuacji uszkodzeń, które zgodnie z opinią techniczną powodują utratę podstawowych funkcji wyżej wymienionych ruchomości domowych, a także uszkodzeń ceramicznych, szklanych i indukcyjnych płyt grzewczych oraz szyb frontowych piekarnika lub kuchenki mikrofalowej. 3. Ubezpieczyciel nie odpowiada ponadto za szkody: 1) w tymczasowych obiektach budowlanych, tj.

Dokument: 5
BAZA WIEDZY DOK
Fragment 127
Ochrona ubezpieczeniowa obejmuje zdarzenia zaistniałe w Europie. Zakres terytorialny Polska + EUROPA z wyłączeniem Białorusi, Rosji, Ukrainy i Mołdawii. Suma ubezpieczenia Do 16.02.2024 r. Suma ubezpieczenia wynosi 3000 zł i stanowi górną granicę naszej odpowiedzialności. Dla ofert generowanych po 16.02.2024 SU to 5000zł. Odstąpienie od ubezpieczenia Tak, klient ma 30 dni na odstąpienie od ubezpieczenia. Może to zrobić telefonicznie albo pisemnie. Szyby Od 14-07-2023 w miejsce Szyb oferujemy nowy produkt Szyby Assistance, to dobrowolne ubezpieczenie dostępne w opcji do ubezpieczenia OC. Jeśli w taryfie nad szybami widnieje produkt Minicasco to znaczy, że mamy do czynienia z nowym produktem Szyby. W przypadku P-KR, jest to stary produkt- produkt Szyby archiwalne Cechy nowego produktu Szyby: Wymiana szyby na wysokiej jakości zamiennik, a w razie jego braku szyba oryginalna.
</results>
---------------------
Odpowiedz na pytanie użytkownika wykorzystując tylko informacje znajdujące się w dokumentach, a nie wcześniejszą wiedzę.
Udziel wysokiej jakości, poprawnej gramatycznie odpowiedzi w języku polskim. Odpowiedź powinna zawierać cytowania do dokumentów, z których pochodzą informacje. Zacytuj dokument za pomocą symbolu [nr_dokumentu] powołując się na fragment np. [1] dla fragmentu z dokumentu 1. Jeżeli w dokumentach nie ma informacji potrzebnych do odpowiedzi na pytanie, zamiast odpowiedzi zwróć tekst: ""Nie udało mi się odnaleźć odpowiedzi na pytanie"".

Pytanie: Czy można ubezpieczyć szyby?",Czy można ubezpieczyć szyby?,Od czego chroni ryzyko szkody mrozowe?,not_reformulate,Uniqa_test,Od czego chroni ryzyko szkody mrozowe?
Czy można ubezpieczyć szyby?,"Z analizy dokumentów wynika, że szyby można ubezpieczyć, ale zakres ochrony zależy od rodzaju ubezpieczenia i warunków umowy.  

1. **Ubezpieczenie szyb w pojazdach**:  
   - Ubezpieczane są szyby (czołowe, boczne, tylne) w pojazdach należących do osób fizycznych, prawnych lub jednostek organizacyjnych [1].  
   - Wyłączenia obejmują m.in. pojazdy używane jako taksówki, do nauki jazdy, składaki, bez ważnego badania technicznego, sprowadzone z USA/Kanady, z kierownicą po prawej stronie oraz specjalistyczne pojazdy (np. koparki) [2].  
   - Ochrona obejmuje organizację i pokrycie kosztów naprawy/wymiany szyby uszkodzonej w wyniku wypadku, ale tylko na terytorium Polski [3].  

2. **Ubezpieczenie nieruchomości (Home)**:  
   - Szyby nie są objęte ochroną, jeśli uszkodzenie polega wyłącznie na zadrapaniu, porysowaniu, stłuczeniu lub pęknięciu (z wyjątkiem dewastacji) [4].  

3. **Ubezpieczenie Szyby Assistance**:  
   - Od 14.07.2023 oferowane jest jako dobrowolne ubezpieczenie dostępne w opcji do OC, z możliwością wymiany szyby na zamiennik lub oryginał [5].  

Podsumowując, szyby można ubezpieczyć, ale warunki i zakres ochrony różnią się w zależności od rodzaju ubezpieczenia (komunikacyjne, nieruchomości, assistance).","Numerowana lista dokumentów jest poniżej:
---------------------
<results>
Dokument: 1
OWU_KOMUNIKACYJNE_UNIQA
III. UBEZPIECZENIE SZYB (Szyby)-1.	Co ubezpieczamy?
Ogólne warunki ubezpieczenia komunikacyjnego związanego z ubezpieczaniem pojadów.
III. UBEZPIECZENIE SZYB (Szyby) - 1.	Co ubezpieczamy?

		Ubezpieczamy szyby (czołową, boczne i tylną) w pojazdach, które stanowią własność:
				a)	osób fizycznych;
				b)	osób prawnych;
				c)	jednostek organizacyjnych nieposiadających osobowości prawnej.

Dokument: 2
OWU_KOMUNIKACYJNE_UNIQA
III. UBEZPIECZENIE SZYB (Szyby)-2.	Czego nie ubezpieczamy?
Ogólne warunki ubezpieczenia komunikacyjnego związanego z ubezpieczaniem pojadów.
III. UBEZPIECZENIE SZYB (Szyby) - 2.	Czego nie ubezpieczamy?

		Nie ubezpieczamy szyb w pojazdach:
				a)	używanych jako rekwizyty;
				b)	używanych do nauki jazdy;
				c)	używanych jako taksówki lub jako pojazdy służące do przewozu pasażerów za opłatą;
				d)	używanych do świadczenia odpłatnych usług przewozowych i transportowych;
				e)	udostępnianych do korzystania innym osobom niż właściciel na podstawie odrębnych umów odpłatnych, z wyjątkiem umowy leasingu lub umowy najmu długoterminowego (tj. umowy najmu zawartej na okres co najmniej 12 miesięcy);
				f)	składanych z części – tzw. składaków;
				g)	nieposiadających ważnego badania technicznego w chwili składania wniosku o zawarcie umowy ubezpieczenia;
				h)	sprowadzonych z USA lub Kanady;
				i)	z kierownicą po prawej stronie;
				j)	wywrotek, tj. samochodów ciężarowych z przechylną do tyłu lub na bok skrzynią ładunkową, co umożliwia samoczynny rozładunek;
				k)	będących przyczepami lub przyczepami lekkimi;
				l)	przeznaczonych do zimowego utrzymania dróg, do prac wiertniczych, posiadających w tym celu specjalne wyposażenie lub dostosowane nadwozie, żurawi samochodowych, koparek, koparko-spycharek i ładowarek.

Dokument: 3
OWU_KOMUNIKACYJNE_UNIQA
III. UBEZPIECZENIE SZYB (Szyby)-3.	Jaki jest zakres ubezpieczenia?
Ogólne warunki ubezpieczenia komunikacyjnego związanego z ubezpieczaniem pojadów.
III. UBEZPIECZENIE SZYB (Szyby) - 3.	Jaki jest zakres ubezpieczenia?

		3.1.	Ochroną ubezpieczeniową obejmujemy organizację i pokrycie kosztów usług assistance, polegających na naprawie lub wymianie szyby uszkodzonej lub zniszczonej w wyniku wypadku.
		3.2.	Ochroną ubezpieczeniową obejmujemy wypadki, do których doszło w czasie trwania naszej odpowiedzialności z tytułu ubezpieczenia Szyby.
		3.3.	Ochroną ubezpieczeniową obejmujemy wypadki zaistniałe na terytorium Polski.

Dokument: 4
OWU_HOME_TWOJEMIEJSCE
Fragment 46
2. Ochroną ubezpieczeniową nie są objęte następujące ruchomości domowe lub ruchomości poza domem, które uległy uszkodzeniu jedynie przez zadrapanie lub porysowanie, stłuczenie lub pęknięcie elementów stanowiących ich część (nie dotyczy ryzyka dewastacji): sprzęt elektryczny lub elektroniczny, audiowizualny, komputerowy, fotograficzny, optyczny, nośniki danych i urządzenia gospodarstwa domowego, biżuteria (w tym zegarki), instrumenty muzyczne, okulary, artykuły piśmiennicze, kamienie szlachetne, zastawy kuchenne oraz stołowe, a także szyby, przedmioty szklane i płyty kamienne nie będące elementami stałymi lub takie, które nie zostały zamontowane bądź zainstalowane w miejscu ubezpieczenia. Wyłączenie to nie ma zastosowania w sytuacji uszkodzeń, które zgodnie z opinią techniczną powodują utratę podstawowych funkcji wyżej wymienionych ruchomości domowych, a także uszkodzeń ceramicznych, szklanych i indukcyjnych płyt grzewczych oraz szyb frontowych piekarnika lub kuchenki mikrofalowej. 3. Ubezpieczyciel nie odpowiada ponadto za szkody: 1) w tymczasowych obiektach budowlanych, tj.

Dokument: 5
BAZA WIEDZY DOK
Fragment 127
Ochrona ubezpieczeniowa obejmuje zdarzenia zaistniałe w Europie. Zakres terytorialny Polska + EUROPA z wyłączeniem Białorusi, Rosji, Ukrainy i Mołdawii. Suma ubezpieczenia Do 16.02.2024 r. Suma ubezpieczenia wynosi 3000 zł i stanowi górną granicę naszej odpowiedzialności. Dla ofert generowanych po 16.02.2024 SU to 5000zł. Odstąpienie od ubezpieczenia Tak, klient ma 30 dni na odstąpienie od ubezpieczenia. Może to zrobić telefonicznie albo pisemnie. Szyby Od 14-07-2023 w miejsce Szyb oferujemy nowy produkt Szyby Assistance, to dobrowolne ubezpieczenie dostępne w opcji do ubezpieczenia OC. Jeśli w taryfie nad szybami widnieje produkt Minicasco to znaczy, że mamy do czynienia z nowym produktem Szyby. W przypadku P-KR, jest to stary produkt- produkt Szyby archiwalne Cechy nowego produktu Szyby: Wymiana szyby na wysokiej jakości zamiennik, a w razie jego braku szyba oryginalna.
</results>
---------------------
Odpowiedz na pytanie użytkownika wykorzystując tylko informacje znajdujące się w dokumentach, a nie wcześniejszą wiedzę.
Udziel wysokiej jakości, poprawnej gramatycznie odpowiedzi w języku polskim. Odpowiedź powinna zawierać cytowania do dokumentów, z których pochodzą informacje. Zacytuj dokument za pomocą symbolu [nr_dokumentu] powołując się na fragment np. [1] dla fragmentu z dokumentu 1. Jeżeli w dokumentach nie ma informacji potrzebnych do odpowiedzi na pytanie, zamiast odpowiedzi zwróć tekst: ""Nie udało mi się odnaleźć odpowiedzi na pytanie"".

Pytanie: Czy można ubezpieczyć szyby?",Czy można ubezpieczyć szyby?,A przednią też można?,reformulate,Uniqa_test,Czy można też ubezpieczyć przednią szybę?
Od kiedy działa ubezpiecznie turystyczne?,Nie udało mi się odnaleźć odpowiedzi na pytanie.,"Numerowana lista dokumentów jest poniżej:
---------------------
<results>
Dokument: 1
Ustawa_OC_UFG_PBUK
Fragment 220
119. 1. Fundusz jest obowiązany, w terminie 4 miesięcy od zakończenia roku obrotowego, sporządzić roczne sprawozdanie z działalności, które podlega badaniu przez biegłego rewidenta. 1a. Fundusz w rocznym sprawozdaniu z działalności, o którym mowa w ust. 1, przedstawia wyodrębnioną informację dotyczącą funkcjonowania i działalności Turystycznego Funduszu Gwarancyjnego, o którym mowa w rozdziale 5 ustawy z dnia 24 listopada 2017 r. o imprezach turystycznych i powiązanych usługach turystycznych. 1b. Fundusz w rocznym sprawozdaniu z działalności, o którym mowa w ust. 1, przedstawia wyodrębnioną informację o składce przypisanej brutto z umów ubezpieczenia, o którym mowa w dziale II w grupie 10 załącznika do ustawy o działalności ubezpieczeniowej, z wyłączeniem odpowiedzialności przewoźnika, zawartych w ramach wykonywania działalności na terytorium Rzeczypospolitej Polskiej, uzyskanej przez poszczególne zagraniczne zakłady ubezpieczeń.

Dokument: 2
PROCEDURA TRAVEL
Fragment 26
Osoby bliskie to: współmałżonek, konkubent, konkubina, dzieci (również przysposobione), rodzeństwo, rodzice, teściowie, dziadkowie, wnuki i osoby przysposobione, synowa, zięć. Dodatkowo inne osoby podróżujące wspólnie z osobą małoletnią pod warunkiem, że istnieje między nimi pokrewieństwo. Kim jest współuczestnik podróży? W przypadku kosztów rezygnacji z podróży- osoba towarzysząca ubezpieczonemu w podróży, zgłoszona do wspólnej umowy, z zastrzeżeniem, że cena określona w związanej z podróżą została ustalona łącznie dla wskazanej w tej umowie liczby osób, a w przypadku biletu – osoba wskazana na tym samym bilecie co Ubezpieczony. Wyłączenie „ pełnienia przez Ubezpieczonego czynnej służby w siłach zbrojnych. Wyłączenie ma zastosowanie tylko do osób, które wyjeżdżają za granicę służbowo. Kiedy mogę kupić polisę multitravel aby działa w całym zakresie? (produkt już nie jest w sprzedaży) Polisę należy zakupić najpóźniej w terminie 72 – godzin od chwili rezerwacji imprezy turystycznej i wpłaty części (zaliczki) lub całości opłat za tę imprezę lub rezerwacji biletu lotniczego lub rezerwacji noclegu i wpłaty części (zaliczki) lub całości opłat za ten bilet lub rezerwację, nie później jednak niż przed wylotem. Jeśli polisa zostanie zawarta po 72h to ubezpieczenie będzie działać bez zakresu rezygnacji z podróży/przerwania podroży i rezygnacji z biletu.

Dokument: 3
BAZA WIEDZY KOMUNIKACJA
Assistance start paragraphs
Baza wiedzy komunikacyjna związana z ubezpieczeniami i odszkodowaniami pojazdów.
Assistance

Adresy email - artykuł
Numery telefonu/transferowe znajdują się w Tabeli Transferów
AXA Assistance / AXA Partners / Inter Partner Assistance Polska S.A. (Nie połączyła się z Uniqa, to inna firma!
dniCasco MediPlan, turystyczno-medyczne, zdrowotne dla cudzoziemców, pomoc dla klientów sieci np. Vectra, Bezpieczny Dom/Internet
Przedłużona gwarancja MediaExpert itp.  Uwaga!  Rtv Euro Agd - Jest też w ramach Uniqa! https://uniqa.innse.pl/
Obsługa Klienta 22 529 84 44, Pomoc assistance 22 575 97 28, https://www.axa-assistance.pl/kontakt/
Spłata kredytu IKEA - Ubezpieczenie na życie i ryzyka utraty zatrudnienia (Ikano Bank)
AVANSSUR S.A. ODDZIAŁ W POLSCE - AXA
Polisy zawierane na systemie Siebel zanim przeszliśmy na TIA. Któtkie numery polis 6-7 cyfrowe.
Shift wskaże osoby, ktore mają dostępy. 
Bancassurance [link]
GAP / Ubezpieczenie straty finansowej / Polisy przy kredycie
Banki: Alior, Credit Agricole, Santander, Spółdzielcze itd. 
umowy.ubezpieczenia@uniqa.pl
tel: 22 5550985
exUniqa
Polisy założone w systemie SUBREA : centrala@uniqa.pl
Wadium
OCP / MOCPM (OC Przewoźników w Ruchu Międzynarodowym) - Artykuł
Floty / Korpo - SYNERGY - nie ma infolinii, tylko ubezpieczenia.korporacyjne@uniqa.pl
OCPD (OC Przewoźnika Drogowego) w Synergy - Format zapisu xx.xxx.xxx  - Artykuł
Numeracja Polis:
XX.XXX.XXX – przykład 04.352.115
XXXXX/XXXX/XXX – przykład 19719/2019/123, 27453/2018/166
XXXXXXXX.X – 04524662.1
INNSE - Ubezpieczenie sprzętu UNIQA - Euro-net Sp. z o.o. / RTV Euro AGD
kontakt : https://uniqa.innse.pl/
Przykładowy format polisy B0/DOK/U/****/20**
Komis - UCD - Nabywca
Pierwszy nabywca po komisie – na grupę G_UCD2
Komis zainteresowany współpracą
 https://ochrona.uniqa.pl/index.php?id=377&gclid=Cj0KCQjwhY-aBhCUARIsALNIC07aAvXF-Fmz5pqrcryGBw355SnMKc_ZkRlWP7cshS0fU6HPwFoJTnQaAsgZEALw_wcB&gclsrc=aw.ds
mBank - Polisy są zawierane za pośrednictwem banku, przez mLinię, mAplikację lub na www.mbank.pl
Obsługa polis zawartych:
tel.22 444 70 00, email serwis@uniqa.pl , TRN 8585
System BIAS BRE/KBR/KBA/MD/ML/LKZ/FSO
TIA - Zielone Polisy
FGS............ - numer wniosku dla polis mBank
PSI oraz PLN /......./.... - umowa generalna mLeasing
mLeasing - Floty w TIA powiązana z LAC
Pojazd wykupiony od leasingu obsługuje zespół mBank
Zmiany na polisie gdy właścicielem nadal jest mLeasing : Agent ASEKUM mpolisa@asekum.pl 
MSP -  małe i średnie przedsiębiorstwa
Obsługa BO, tylko email i formularz. Artykuł
email wewnętrzny: msp@uniqa.pl
OCPZ (OC Przewoźnika Zawodowego) w TIA - Produkt ML
Artykuł
Odnowienia G_RENAU
Provident Polska S.A. - obsługuje życiówka - System GENESIS
Produkty: ProviZdrowie / ProviŻycie / ProviŻyj Zdrowo
Email dla klienta ubezpieczenia@uniqa.pl
Email dla agenta ubezpieczenia.BA@uniqa.pl
Assistance do tych produktów IPA: 22 575 95 97
Ubezpieczenie auta z wypożyczalni , RyanAir, AXA UK - Uniqa nie ma takiego produktu w ofercie, odeślij kl. do google.
Ubezpieczenie udziału własnego : axa@cartrawler.com  tel. 00 44 203 740 9721
BANCASSURANCE : ubezpieczenia.BA@uniqa.pl / likwidacjaszkod@uniqa.pl 
Ubezpieczenia dla aktywnych Sp. z o.o. (UDAO) - Datasport.pl lub DO:ST:AR:TU
Ubezpieczenia Podróżne / Travel / eTurysta / Assistance dla posiadaczy kart BRE / MultiBank / mBank : infotravel@uniqa.pl  
Ubezpieczenie Spłaty Kredytu / Spłaty Karty / Spłaty Rat
PPI dla Klientów mLeasing / Bezpieczny Leasing
Ubezpieczenie dla Klientów Euro-net sp. zo.o.
Ubezpieczenia Turystyczne 
Polisy niewidoczne w TIA zaczynające się od 453xxxxxxx to polisy zawierane przez IPA / AXA Assistance https://www.axa-assistance.pl/kontakt/
Travel np. 923731385 widoczne w TIA przekazujemy do mBank
Zawierane u agenta lub porównywarkę np. 11058/13657 , 5074756/335710 - odsyłamy do agenta / biura podróży
Assistance turystyczny - Zgłaszanie szkód / roszczeń - ISON Care : tel 22 5999185 , email likwidacja-turystyka@isoncare.eu
ZOPUK - prośba od brokera
 Prośbę o wystawienie zaświadczenia o przebiegu ubezpieczenia firmy przekazujemy na zaswiadczenia@uniqa.pl
Życiówka - System GENESIS / GTAIA
Ubezpieczenie szkolne : umowy.ubezpieczenia@uniqa.pl
Ubezpieczenie biletów wstępu na wydarzenia - Going. ProTicket oraz Runmagedon
Polisy z obszaru BA - Banki oraz firmy pożyczkowe, np. Provident (polisy zaczynają się od PIP)
OFE - Otwarty Fundusz Emerytalny
Roszczenia / szkody osobowe
Życiówka - System SUBREA
zycie@uniqa.pl

Dokument: 4
2510_OWU_Ubezpieczenie_podrozy_Supertravel
Fragment 31
d- nej (IMiGW), a przy braku możliwości uzyskania odpowiednich in- formacji z IMiGW wystąpienie deszczu nawalnego stwierdza się na podstawie stanu faktycznego i rozmiaru szkód w miejscu ich po- wstania lub bezpośrednim sąsiedztwie; 12) dokumentacja medyczna – dokumentacja dotycząca leczenia Ubezpieczonego, sporządzona zgodnie z wymogami prowadzenia dokumentacji w danym kraju; 13) ekspedycja – zorganizowana wyprawa mająca na celu zrealizowa- nie wytyczonych zadań o charakterze sportowym bądź naukowym; 14) grad – opad atmosferyczny składający się z bryłek lodu; 15) grupowa forma ubezpieczenia – umowa zawarta przez Ubezpie- czającego na rzecz minimum 11 osób (forma grupowa imienna) lub co najmniej 100 osobodni (forma grupowa bezimienna); 16) hospitalizacja – leczenie w szpitalu trwające nieprzerwanie co naj- mniej 24 godziny, powstałe w wyniku następstwa nagłego zacho- rowania lub nieszczęśliwego wypadku; 17) huragan – wiatr o prędkości nie mniejszej niż 24 m/s, ustalonej przez Instytut Meteorologii i Gospodarki Wodnej, którego działa- nie wyrządza masowe szkody, a przy braku możliwości uzyskania odpowiednich informacji z IMiGW wystąpienie deszczu nawalne- go stwierdza się na podstawie stanu faktycznego i rozmiaru szkód w miejscu ich powstania lub bezpośrednim sąsiedztwie; 18) impreza turystyczna – impreza turystyczna w rozumieniu prze- pisów Ustawy o imprezach turystycznych i powiązanych usługach turystycznych; 19) katastrofa naturalna – zdarzenie związane z działaniami sił natu- ry, powodujące drastyczne zmiany środowiska i wywołane przez czynniki naturalne: wstrząsy sejsmiczne, wybuchy wulkanów, po- żary, susze, powodzie, huragany, fale tsunami, zjawiska lodowe na rzekach, morzach, jeziorach i innych zbiornikach wodnych, długo- trwałe występowanie ekstremalnych temperatur, osuwiska ziemi, masowe występowanie szkodników, chorób roślin i zwierząt; 20) koszty leczenia – niezbędne z medycznego punktu widzenia i udo- kumentowane koszty leczenia Ubezpieczonego, który podczas po- dróży zagranicznej musiał poddać się leczeniu w związku z nagłym zachorowaniem lub nieszczęśliwym wypadkiem; 21) kradzież – dokonanie zaboru mienia Ubezpieczonego; 22) kradzież z włamaniem – dokonanie lub usiłowanie dokonania zaboru mienia Ubezpieczonego, po uprzednim usunięciu siłą za- bezpieczenia lub otworzeniu wejścia przy użyciu narzędzi albo podrobionego lub dopasowanego klucza bądź oryginalnego klu- cza, w którego posiadanie sprawca wszedł wskutek włamania do innego pomieszczenia lub w wyniku rozboju; 23) kraj rezydencji – kraj inny niż Rzeczpospolita Polska, który stano- wi dla Ubezpieczonego miejsce stałego albo czasowego pobytu i w którym prowadzi on życie zawodowe lub osobiste, i w którym Ubezpieczony zamieszkuje nieprzerwanie przez okres co najmniej jednego roku bezpośrednio poprzedzającego zawarcie umowy ubezpieczenia, z zastrzeż

Dokument: 5
BAZA WIEDZY DOK
Fragment 171
(UDAO) - Datasport.pl lub DO:ST:AR:TU Ubezpieczenia Podróżne / Travel / eTurysta / Assistance dla posiadaczy kart BRE / MultiBank / mBank : infotravel@uniqa.pl Ubezpieczenie Spłaty Kredytu / Spłaty Karty / Spłaty Rat PPI dla Klientów mLeasing / Bezpieczny Leasing Ubezpieczenie dla Klientów Euro-net sp. zo.o. Ubezpieczenia Turystyczne Polisy niewidoczne w TIA zaczynające się od 453xxxxxxx to polisy zawierane przez IPA / AXA Assistance https://www.axa-assistance.pl/kontakt/ Travel np. 923731385 widoczne w TIA przekazujemy do mBank Zawierane u agenta lub porównywarkę np. 11058/13657 , 5074756/335710 - odsyłamy do agenta / biura podróży Assistance turystyczny - Zgłaszanie szkód / roszczeń - ISON Care : tel 22 5999185 , email likwidacja-turystyka@isoncare.eu ZOPUK - prośba od brokera Prośbę o wystawienie zaświadczenia o przebiegu ubezpieczenia firmy przekazujemy na zaswiadczenia@uniqa.pl Życiówka - System GENESIS / GTAIA Ubezpieczenie szkolne : umowy.ubezpieczenia@uniqa.pl Ubezpieczenie biletów wstępu na wydarzenia - Going. ProTicket oraz Runmagedon Polisy z obszaru BA - Banki oraz firmy pożyczkowe, np. Provident (polisy zaczynają się od PIP) OFE - Otwarty Fundusz Emerytalny Roszczenia / szkody osobowe Życiówka - System SUBREA zycie@uniqa.pl Przekazywanie zadań email i grupy w TIA Zasady w jakich przypadkach możemy przekazać zadania na grupę G_BOK: W mailu 4 lub więcej UKS, WYP - do jednej polisy Zbiorczy e-mail z dokumentami do kilku polis (więcej niż 3) Sprawa sądowa/syndyk - przejęcie pojazdu Pozostałe email / grupy Agenci - podpisane wnioski, anulowane wnioski, pytania dot. Panelu agenta, prowizji agenta - przekazujemy na grupę G_ZOTKS Dyżur DOK - dokumenty wymagające pieczątki, odręcznego podpisu - przekazujemy na grupę G_DDO exUNIQA – wszystkie polisy założone w systemie SUBREA/POS – przekazujemy na maila centrala@uniqa.pl mBank oraz Turystyka – polisy zawarte za pośrednictwem mBanku – na grupę G_MDOK MSP (Małe/Średnie Przedsiębiorstwa) – przekazujemy na maila msp@uniqa.pl Odnowienie – sprawy dotyczące utworzenia odnowienia – przekazujemy na grupę G_RENAU PKO - polisy zawarte za pośrednictwem banku PKO – przekazujemy na grupę G_PKO Reklamacje, pisma od UFG, PBUK, Policji oraz Prokuratury - przekazujemy na grupę G_RKL UCD – pierwszy nabywca po komisie – na grupę G_UCD2 ZOPUK od brokera – prośby od brokerów o wystawienie przebiegu ubezpieczenia firmy – przekazujemy na maila zaswiadczenia@uniqa.pl Życiowe oraz Szkolne – przekazujemy na maila umowy.ubezpieczenia@uniqa.pl Nie przekazujemy zadań na grupy G_UFG oraz G_RKL2. Przerzucanie zadań przez Specjalistów DOK i DUK na grupę G_SERV jest zabronione.
</results>
---------------------
Odpowiedz na pytanie użytkownika wykorzystując tylko informacje znajdujące się w dokumentach, a nie wcześniejszą wiedzę.
Udziel wysokiej jakości, poprawnej gramatycznie odpowiedzi w języku polskim. Odpowiedź powinna zawierać cytowania do dokumentów, z których pochodzą informacje. Zacytuj dokument za pomocą symbolu [nr_dokumentu] powołując się na fragment np. [1] dla fragmentu z dokumentu 1. Jeżeli w dokumentach nie ma informacji potrzebnych do odpowiedzi na pytanie, zamiast odpowiedzi zwróć tekst: ""Nie udało mi się odnaleźć odpowiedzi na pytanie"".

Pytanie: Od kiedy działa ubezpiecznie turystyczne?",Od kiedy działa ubezpiecznie turystyczne?,A jak można je nabyć?,reformulate,Uniqa_test,Jak można nabyć ubezpieczenie turystyczne?
Od kiedy działa ubezpiecznie turystyczne?,Nie udało mi się odnaleźć odpowiedzi na pytanie.,"Numerowana lista dokumentów jest poniżej:
---------------------
<results>
Dokument: 1
Ustawa_OC_UFG_PBUK
Fragment 220
119. 1. Fundusz jest obowiązany, w terminie 4 miesięcy od zakończenia roku obrotowego, sporządzić roczne sprawozdanie z działalności, które podlega badaniu przez biegłego rewidenta. 1a. Fundusz w rocznym sprawozdaniu z działalności, o którym mowa w ust. 1, przedstawia wyodrębnioną informację dotyczącą funkcjonowania i działalności Turystycznego Funduszu Gwarancyjnego, o którym mowa w rozdziale 5 ustawy z dnia 24 listopada 2017 r. o imprezach turystycznych i powiązanych usługach turystycznych. 1b. Fundusz w rocznym sprawozdaniu z działalności, o którym mowa w ust. 1, przedstawia wyodrębnioną informację o składce przypisanej brutto z umów ubezpieczenia, o którym mowa w dziale II w grupie 10 załącznika do ustawy o działalności ubezpieczeniowej, z wyłączeniem odpowiedzialności przewoźnika, zawartych w ramach wykonywania działalności na terytorium Rzeczypospolitej Polskiej, uzyskanej przez poszczególne zagraniczne zakłady ubezpieczeń.

Dokument: 2
PROCEDURA TRAVEL
Fragment 26
Osoby bliskie to: współmałżonek, konkubent, konkubina, dzieci (również przysposobione), rodzeństwo, rodzice, teściowie, dziadkowie, wnuki i osoby przysposobione, synowa, zięć. Dodatkowo inne osoby podróżujące wspólnie z osobą małoletnią pod warunkiem, że istnieje między nimi pokrewieństwo. Kim jest współuczestnik podróży? W przypadku kosztów rezygnacji z podróży- osoba towarzysząca ubezpieczonemu w podróży, zgłoszona do wspólnej umowy, z zastrzeżeniem, że cena określona w związanej z podróżą została ustalona łącznie dla wskazanej w tej umowie liczby osób, a w przypadku biletu – osoba wskazana na tym samym bilecie co Ubezpieczony. Wyłączenie „ pełnienia przez Ubezpieczonego czynnej służby w siłach zbrojnych. Wyłączenie ma zastosowanie tylko do osób, które wyjeżdżają za granicę służbowo. Kiedy mogę kupić polisę multitravel aby działa w całym zakresie? (produkt już nie jest w sprzedaży) Polisę należy zakupić najpóźniej w terminie 72 – godzin od chwili rezerwacji imprezy turystycznej i wpłaty części (zaliczki) lub całości opłat za tę imprezę lub rezerwacji biletu lotniczego lub rezerwacji noclegu i wpłaty części (zaliczki) lub całości opłat za ten bilet lub rezerwację, nie później jednak niż przed wylotem. Jeśli polisa zostanie zawarta po 72h to ubezpieczenie będzie działać bez zakresu rezygnacji z podróży/przerwania podroży i rezygnacji z biletu.

Dokument: 3
BAZA WIEDZY KOMUNIKACJA
Assistance start paragraphs
Baza wiedzy komunikacyjna związana z ubezpieczeniami i odszkodowaniami pojazdów.
Assistance

Adresy email - artykuł
Numery telefonu/transferowe znajdują się w Tabeli Transferów
AXA Assistance / AXA Partners / Inter Partner Assistance Polska S.A. (Nie połączyła się z Uniqa, to inna firma!
dniCasco MediPlan, turystyczno-medyczne, zdrowotne dla cudzoziemców, pomoc dla klientów sieci np. Vectra, Bezpieczny Dom/Internet
Przedłużona gwarancja MediaExpert itp.  Uwaga!  Rtv Euro Agd - Jest też w ramach Uniqa! https://uniqa.innse.pl/
Obsługa Klienta 22 529 84 44, Pomoc assistance 22 575 97 28, https://www.axa-assistance.pl/kontakt/
Spłata kredytu IKEA - Ubezpieczenie na życie i ryzyka utraty zatrudnienia (Ikano Bank)
AVANSSUR S.A. ODDZIAŁ W POLSCE - AXA
Polisy zawierane na systemie Siebel zanim przeszliśmy na TIA. Któtkie numery polis 6-7 cyfrowe.
Shift wskaże osoby, ktore mają dostępy. 
Bancassurance [link]
GAP / Ubezpieczenie straty finansowej / Polisy przy kredycie
Banki: Alior, Credit Agricole, Santander, Spółdzielcze itd. 
umowy.ubezpieczenia@uniqa.pl
tel: 22 5550985
exUniqa
Polisy założone w systemie SUBREA : centrala@uniqa.pl
Wadium
OCP / MOCPM (OC Przewoźników w Ruchu Międzynarodowym) - Artykuł
Floty / Korpo - SYNERGY - nie ma infolinii, tylko ubezpieczenia.korporacyjne@uniqa.pl
OCPD (OC Przewoźnika Drogowego) w Synergy - Format zapisu xx.xxx.xxx  - Artykuł
Numeracja Polis:
XX.XXX.XXX – przykład 04.352.115
XXXXX/XXXX/XXX – przykład 19719/2019/123, 27453/2018/166
XXXXXXXX.X – 04524662.1
INNSE - Ubezpieczenie sprzętu UNIQA - Euro-net Sp. z o.o. / RTV Euro AGD
kontakt : https://uniqa.innse.pl/
Przykładowy format polisy B0/DOK/U/****/20**
Komis - UCD - Nabywca
Pierwszy nabywca po komisie – na grupę G_UCD2
Komis zainteresowany współpracą
 https://ochrona.uniqa.pl/index.php?id=377&gclid=Cj0KCQjwhY-aBhCUARIsALNIC07aAvXF-Fmz5pqrcryGBw355SnMKc_ZkRlWP7cshS0fU6HPwFoJTnQaAsgZEALw_wcB&gclsrc=aw.ds
mBank - Polisy są zawierane za pośrednictwem banku, przez mLinię, mAplikację lub na www.mbank.pl
Obsługa polis zawartych:
tel.22 444 70 00, email serwis@uniqa.pl , TRN 8585
System BIAS BRE/KBR/KBA/MD/ML/LKZ/FSO
TIA - Zielone Polisy
FGS............ - numer wniosku dla polis mBank
PSI oraz PLN /......./.... - umowa generalna mLeasing
mLeasing - Floty w TIA powiązana z LAC
Pojazd wykupiony od leasingu obsługuje zespół mBank
Zmiany na polisie gdy właścicielem nadal jest mLeasing : Agent ASEKUM mpolisa@asekum.pl 
MSP -  małe i średnie przedsiębiorstwa
Obsługa BO, tylko email i formularz. Artykuł
email wewnętrzny: msp@uniqa.pl
OCPZ (OC Przewoźnika Zawodowego) w TIA - Produkt ML
Artykuł
Odnowienia G_RENAU
Provident Polska S.A. - obsługuje życiówka - System GENESIS
Produkty: ProviZdrowie / ProviŻycie / ProviŻyj Zdrowo
Email dla klienta ubezpieczenia@uniqa.pl
Email dla agenta ubezpieczenia.BA@uniqa.pl
Assistance do tych produktów IPA: 22 575 95 97
Ubezpieczenie auta z wypożyczalni , RyanAir, AXA UK - Uniqa nie ma takiego produktu w ofercie, odeślij kl. do google.
Ubezpieczenie udziału własnego : axa@cartrawler.com  tel. 00 44 203 740 9721
BANCASSURANCE : ubezpieczenia.BA@uniqa.pl / likwidacjaszkod@uniqa.pl 
Ubezpieczenia dla aktywnych Sp. z o.o. (UDAO) - Datasport.pl lub DO:ST:AR:TU
Ubezpieczenia Podróżne / Travel / eTurysta / Assistance dla posiadaczy kart BRE / MultiBank / mBank : infotravel@uniqa.pl  
Ubezpieczenie Spłaty Kredytu / Spłaty Karty / Spłaty Rat
PPI dla Klientów mLeasing / Bezpieczny Leasing
Ubezpieczenie dla Klientów Euro-net sp. zo.o.
Ubezpieczenia Turystyczne 
Polisy niewidoczne w TIA zaczynające się od 453xxxxxxx to polisy zawierane przez IPA / AXA Assistance https://www.axa-assistance.pl/kontakt/
Travel np. 923731385 widoczne w TIA przekazujemy do mBank
Zawierane u agenta lub porównywarkę np. 11058/13657 , 5074756/335710 - odsyłamy do agenta / biura podróży
Assistance turystyczny - Zgłaszanie szkód / roszczeń - ISON Care : tel 22 5999185 , email likwidacja-turystyka@isoncare.eu
ZOPUK - prośba od brokera
 Prośbę o wystawienie zaświadczenia o przebiegu ubezpieczenia firmy przekazujemy na zaswiadczenia@uniqa.pl
Życiówka - System GENESIS / GTAIA
Ubezpieczenie szkolne : umowy.ubezpieczenia@uniqa.pl
Ubezpieczenie biletów wstępu na wydarzenia - Going. ProTicket oraz Runmagedon
Polisy z obszaru BA - Banki oraz firmy pożyczkowe, np. Provident (polisy zaczynają się od PIP)
OFE - Otwarty Fundusz Emerytalny
Roszczenia / szkody osobowe
Życiówka - System SUBREA
zycie@uniqa.pl

Dokument: 4
2510_OWU_Ubezpieczenie_podrozy_Supertravel
Fragment 31
d- nej (IMiGW), a przy braku możliwości uzyskania odpowiednich in- formacji z IMiGW wystąpienie deszczu nawalnego stwierdza się na podstawie stanu faktycznego i rozmiaru szkód w miejscu ich po- wstania lub bezpośrednim sąsiedztwie; 12) dokumentacja medyczna – dokumentacja dotycząca leczenia Ubezpieczonego, sporządzona zgodnie z wymogami prowadzenia dokumentacji w danym kraju; 13) ekspedycja – zorganizowana wyprawa mająca na celu zrealizowa- nie wytyczonych zadań o charakterze sportowym bądź naukowym; 14) grad – opad atmosferyczny składający się z bryłek lodu; 15) grupowa forma ubezpieczenia – umowa zawarta przez Ubezpie- czającego na rzecz minimum 11 osób (forma grupowa imienna) lub co najmniej 100 osobodni (forma grupowa bezimienna); 16) hospitalizacja – leczenie w szpitalu trwające nieprzerwanie co naj- mniej 24 godziny, powstałe w wyniku następstwa nagłego zacho- rowania lub nieszczęśliwego wypadku; 17) huragan – wiatr o prędkości nie mniejszej niż 24 m/s, ustalonej przez Instytut Meteorologii i Gospodarki Wodnej, którego działa- nie wyrządza masowe szkody, a przy braku możliwości uzyskania odpowiednich informacji z IMiGW wystąpienie deszczu nawalne- go stwierdza się na podstawie stanu faktycznego i rozmiaru szkód w miejscu ich powstania lub bezpośrednim sąsiedztwie; 18) impreza turystyczna – impreza turystyczna w rozumieniu prze- pisów Ustawy o imprezach turystycznych i powiązanych usługach turystycznych; 19) katastrofa naturalna – zdarzenie związane z działaniami sił natu- ry, powodujące drastyczne zmiany środowiska i wywołane przez czynniki naturalne: wstrząsy sejsmiczne, wybuchy wulkanów, po- żary, susze, powodzie, huragany, fale tsunami, zjawiska lodowe na rzekach, morzach, jeziorach i innych zbiornikach wodnych, długo- trwałe występowanie ekstremalnych temperatur, osuwiska ziemi, masowe występowanie szkodników, chorób roślin i zwierząt; 20) koszty leczenia – niezbędne z medycznego punktu widzenia i udo- kumentowane koszty leczenia Ubezpieczonego, który podczas po- dróży zagranicznej musiał poddać się leczeniu w związku z nagłym zachorowaniem lub nieszczęśliwym wypadkiem; 21) kradzież – dokonanie zaboru mienia Ubezpieczonego; 22) kradzież z włamaniem – dokonanie lub usiłowanie dokonania zaboru mienia Ubezpieczonego, po uprzednim usunięciu siłą za- bezpieczenia lub otworzeniu wejścia przy użyciu narzędzi albo podrobionego lub dopasowanego klucza bądź oryginalnego klu- cza, w którego posiadanie sprawca wszedł wskutek włamania do innego pomieszczenia lub w wyniku rozboju; 23) kraj rezydencji – kraj inny niż Rzeczpospolita Polska, który stano- wi dla Ubezpieczonego miejsce stałego albo czasowego pobytu i w którym prowadzi on życie zawodowe lub osobiste, i w którym Ubezpieczony zamieszkuje nieprzerwanie przez okres co najmniej jednego roku bezpośrednio poprzedzającego zawarcie umowy ubezpieczenia, z zastrzeż

Dokument: 5
BAZA WIEDZY DOK
Fragment 171
(UDAO) - Datasport.pl lub DO:ST:AR:TU Ubezpieczenia Podróżne / Travel / eTurysta / Assistance dla posiadaczy kart BRE / MultiBank / mBank : infotravel@uniqa.pl Ubezpieczenie Spłaty Kredytu / Spłaty Karty / Spłaty Rat PPI dla Klientów mLeasing / Bezpieczny Leasing Ubezpieczenie dla Klientów Euro-net sp. zo.o. Ubezpieczenia Turystyczne Polisy niewidoczne w TIA zaczynające się od 453xxxxxxx to polisy zawierane przez IPA / AXA Assistance https://www.axa-assistance.pl/kontakt/ Travel np. 923731385 widoczne w TIA przekazujemy do mBank Zawierane u agenta lub porównywarkę np. 11058/13657 , 5074756/335710 - odsyłamy do agenta / biura podróży Assistance turystyczny - Zgłaszanie szkód / roszczeń - ISON Care : tel 22 5999185 , email likwidacja-turystyka@isoncare.eu ZOPUK - prośba od brokera Prośbę o wystawienie zaświadczenia o przebiegu ubezpieczenia firmy przekazujemy na zaswiadczenia@uniqa.pl Życiówka - System GENESIS / GTAIA Ubezpieczenie szkolne : umowy.ubezpieczenia@uniqa.pl Ubezpieczenie biletów wstępu na wydarzenia - Going. ProTicket oraz Runmagedon Polisy z obszaru BA - Banki oraz firmy pożyczkowe, np. Provident (polisy zaczynają się od PIP) OFE - Otwarty Fundusz Emerytalny Roszczenia / szkody osobowe Życiówka - System SUBREA zycie@uniqa.pl Przekazywanie zadań email i grupy w TIA Zasady w jakich przypadkach możemy przekazać zadania na grupę G_BOK: W mailu 4 lub więcej UKS, WYP - do jednej polisy Zbiorczy e-mail z dokumentami do kilku polis (więcej niż 3) Sprawa sądowa/syndyk - przejęcie pojazdu Pozostałe email / grupy Agenci - podpisane wnioski, anulowane wnioski, pytania dot. Panelu agenta, prowizji agenta - przekazujemy na grupę G_ZOTKS Dyżur DOK - dokumenty wymagające pieczątki, odręcznego podpisu - przekazujemy na grupę G_DDO exUNIQA – wszystkie polisy założone w systemie SUBREA/POS – przekazujemy na maila centrala@uniqa.pl mBank oraz Turystyka – polisy zawarte za pośrednictwem mBanku – na grupę G_MDOK MSP (Małe/Średnie Przedsiębiorstwa) – przekazujemy na maila msp@uniqa.pl Odnowienie – sprawy dotyczące utworzenia odnowienia – przekazujemy na grupę G_RENAU PKO - polisy zawarte za pośrednictwem banku PKO – przekazujemy na grupę G_PKO Reklamacje, pisma od UFG, PBUK, Policji oraz Prokuratury - przekazujemy na grupę G_RKL UCD – pierwszy nabywca po komisie – na grupę G_UCD2 ZOPUK od brokera – prośby od brokerów o wystawienie przebiegu ubezpieczenia firmy – przekazujemy na maila zaswiadczenia@uniqa.pl Życiowe oraz Szkolne – przekazujemy na maila umowy.ubezpieczenia@uniqa.pl Nie przekazujemy zadań na grupy G_UFG oraz G_RKL2. Przerzucanie zadań przez Specjalistów DOK i DUK na grupę G_SERV jest zabronione.
</results>
---------------------
Odpowiedz na pytanie użytkownika wykorzystując tylko informacje znajdujące się w dokumentach, a nie wcześniejszą wiedzę.
Udziel wysokiej jakości, poprawnej gramatycznie odpowiedzi w języku polskim. Odpowiedź powinna zawierać cytowania do dokumentów, z których pochodzą informacje. Zacytuj dokument za pomocą symbolu [nr_dokumentu] powołując się na fragment np. [1] dla fragmentu z dokumentu 1. Jeżeli w dokumentach nie ma informacji potrzebnych do odpowiedzi na pytanie, zamiast odpowiedzi zwróć tekst: ""Nie udało mi się odnaleźć odpowiedzi na pytanie"".

Pytanie: Od kiedy działa ubezpiecznie turystyczne?",Od kiedy działa ubezpiecznie turystyczne?,Do kiedy klient może doubezpieczyć AC?,not_reformulate,Uniqa_test,Do kiedy klient może rozszerzyć zakres ubezpieczenia o autocasco?
Jakie ubezpieczenie obejmuje bagaż i foteliki?,"Ubezpieczenie bagażu obejmuje zarówno bagaż, jak i foteliki dziecięce. Zgodnie z definicją, bagaż to przedmioty stanowiące własność ubezpieczonego, które w chwili powstania szkody znajdowały się w pojeździe, w tym w bagażniku wewnętrznym lub zewnętrznym. Za bagaż uznaje się również foteliki służące do przewozu dzieci oraz bagażnik zewnętrzny zamontowany na pojeździe (np. boksy dachowe lub kufry motocyklowe). Wyłączone z ochrony są natomiast biżuteria, pieniądze, karty płatnicze i inne środki płatnicze [1][2][3][4][5].  

Zakres ubezpieczenia obejmuje:  
- uszkodzenie (w tym całkowite zniszczenie) bagażu w wyniku wypadku, w którym uległ uszkodzeniu pojazd [1][2],  
- kradzież bagażu wraz z pojazdem lub kradzież bagażu z pojazdu (o ile doszło do włamania) [1][2].  

Ochrona dotyczy zdarzeń na terytorium Polski i innych krajów europejskich [2].","Numerowana lista dokumentów jest poniżej:
---------------------
<results>
Dokument: 1
BAZA WIEDZY DOK
Fragment 126
Klient posiadający więcej niż jeden pojazd w Uniqa będzie posiadał ochronę zniżek tylko na pojeździe którym spowodował szkodę i który posiadał klauzulę. Na umowach pozostałych pojazdów szkoda będzie brana po uwagę. Obecnie produkt jest dostępny dla wszystkich, z czasem mogą pojawić się wyłączenia. (Np. ze względu na szkodowość.) Ubezpieczenie Bagażu Co rozumiemy przez pojęcie bagaż? bagaż – przedmioty stanowiące własność Ubezpieczonego, któ­re w chwili powstania szkody znajdowały się w pojeździe, w tym w bagażniku wewnętrznym lub bagażniku zewnętrznym pojazdu; za bagaż uznaje się również foteliki służące do przewozu dzieci oraz bagażnik zewnętrzny zamontowany na pojeździe, w tym boksy da­chowe lub kufry motocyklowe; za bagaż nie uznaje się biżuterii, pie­niędzy, kart płatniczych ani innych środków płatniczych. Obejmuje także dziecięce foteliki samochodowe. Zakres ubezpieczenia W ramach ubezpieczenia bagażu odpowiadamy za: uszkodzenie (w tym całkowite zniszczenie) bagażu w wyni­ku wypadku, w którym uległ uszkodzeniu pojazd wskazany w polisie, kradzież bagażu wraz z pojazdem wskazanym w polisie, kra­dzież bagażu z tego pojazdu lub kradzież bagażu z zamyka­nego bagażnika zewnętrznego (boks dachowy), o ile doszło do włamania.

Dokument: 2
OWU_Komunikacyjne_mBank_30.01.2024
Fragment 66
(wszystkie pojęcia znajdziesz w rozdziale VII pkt 11) bagaż – przedmioty stanowiące własność Ubezpieczonego, które w chwili powstania szkody znajdowały się w pojeździe, w tym w ba- gażniku wewnętrznym lub bagażniku zewnętrznym samochodu; za bagaż uznaje się również foteliki służące do przewozu dzieci oraz bagażnik zewnętrzny zamontowany na pojeździe, w tym boksy da- chowe; za bagaż nie uznaje się biżuterii, pieniędzy, kart płatniczych oraz innych środków płatniczych; 1. Jaki jest przedmiot i zakres ubezpieczenia? 1.1. Przedmiotem ubezpieczenia jest bagaż. 1.2. W ramach ubezpieczenia bagażu odpowiadamy za: a) uszkodzenie (w tym całkowite zniszczenie) bagażu w wyniku wypadku, w którym uległ uszkodzeniu samochód, b) kradzież bagażu wraz z samochodem lub kradzież bagażu z samochodu, o ile doszło do włamania do samochodu. 1.3. Ochrona ubezpieczeniowa obejmuje zdarzenia zaistniałe na te- rytorium Polski i pozostałych krajów europejskich. 2.

Dokument: 3
BAZA WIEDZY KOMUNIKACJA
Ubezpieczenie Bagażu-Co rozumiemy przez pojęcie bagaż?
Baza wiedzy komunikacyjna związana z ubezpieczeniami i odszkodowaniami pojazdów.
Ubezpieczenie Bagażu - Co rozumiemy przez pojęcie bagaż?

bagaż – przedmioty stanowiące własność Ubezpieczonego, któ­re w chwili powstania szkody znajdowały się w pojeździe, w tym w bagażniku wewnętrznym lub bagażniku zewnętrznym pojazdu; za bagaż uznaje się również foteliki służące do przewozu dzieci oraz bagażnik zewnętrzny zamontowany na pojeździe, w tym boksy da­chowe lub kufry motocyklowe; za bagaż nie uznaje się biżuterii, pie­niędzy, kart płatniczych ani innych środków płatniczych. Obejmuje także dziecięce foteliki samochodowe.

Dokument: 4
OWU_KOMUNIKACYJNE_UNIQA
IV. UBEZPIECZENIE BAGAŻU start paragraphs
Ogólne warunki ubezpieczenia komunikacyjnego związanego z ubezpieczaniem pojadów.
IV. UBEZPIECZENIE BAGAŻU

		Co rozumiemy przez użyte poniżej pojęcie? 
(wszystkie pojęcia znajdziesz w rozdziale X pkt 11)
		bagaż – przedmioty stanowiące własność Ubezpieczonego, które w chwili powstania szkody znajdowały się w pojeździe, w tym w bagażniku wewnętrznym lub bagażniku zewnętrznym pojazdu; za bagaż uznaje się również foteliki służące do przewozu dzieci oraz bagażnik zewnętrzny zamontowany na pojeździe, w tym boksy dachowe lub kufry motocyklowe; za bagaż nie uznaje się biżuterii, pieniędzy, kart płatniczych ani innych środków płatniczych; 

Dokument: 5
OWU_Komunikacyjne_mBank_30.01.2024
Fragment 86
11. Co rozumiemy przez pojęcia użyte w OWU? 11.1. awaria – zdarzenie losowe, powodujące unieruchomienie sa- mochodu, wynikające z przyczyn wewnętrznych pochodzenia mechanicznego, elektrycznego, elektronicznego (w tym awarie alarmu montowanego fabrycznie i niefabrycznie), pneuma- tycznego lub hydraulicznego; 11.2. bagaż – przedmioty stanowiące własność Ubezpieczonego, które w chwili powstania szkody znajdowały się w pojeździe, w tym w bagażniku wewnętrznym lub bagażniku zewnętrz- nym samochodu; za bagaż uznaje się również foteliki służące do przewozu dzieci oraz bagażnik zewnętrzny zamontowany na pojeździe, w tym boksy dachowe; za bagaż nie uznaje się biżuterii, pieniędzy, kart płatniczych oraz innych środków płat- niczych; 11.3. Centrum Alarmowe Assistance – podmiot zajmujący się orga- nizacją i świadczeniem usług określonych w OWU w zakresie ubezpieczenia Assistance; 11.4. deszcz nawalny – deszcz o współczynniku wydajności co naj- mniej 4 ustalonym przez Instytut Meteorologii i Gospodarki Wodnej (IMGW); przy braku uzyskania odpowiednich informa- cji z IMGW wystąpienie deszczu nawalnego stwierdza się na podstawie stanu faktycznego i rozmiaru szkód w miejscu ich powstania bądź w bezpośrednim sąsiedztwie; 11.5.
</results>
---------------------
Odpowiedz na pytanie użytkownika wykorzystując tylko informacje znajdujące się w dokumentach, a nie wcześniejszą wiedzę.
Udziel wysokiej jakości, poprawnej gramatycznie odpowiedzi w języku polskim. Odpowiedź powinna zawierać cytowania do dokumentów, z których pochodzą informacje. Zacytuj dokument za pomocą symbolu [nr_dokumentu] powołując się na fragment np. [1] dla fragmentu z dokumentu 1. Jeżeli w dokumentach nie ma informacji potrzebnych do odpowiedzi na pytanie, zamiast odpowiedzi zwróć tekst: ""Nie udało mi się odnaleźć odpowiedzi na pytanie"".

Pytanie: Jakie ubezpieczenie obejmuje bagaż i foteliki?",Jakie ubezpieczenie obejmuje bagaż i foteliki?,Co obejmuje bagaż i foteliki?,not_reformulate,Uniqa_test,Co obejmuje bagaż i foteliki?
Jakie ubezpieczenie obejmuje bagaż i foteliki?,"Ubezpieczenie bagażu obejmuje zarówno bagaż, jak i foteliki dziecięce. Zgodnie z definicją, bagaż to przedmioty stanowiące własność ubezpieczonego, które w chwili powstania szkody znajdowały się w pojeździe, w tym w bagażniku wewnętrznym lub zewnętrznym. Za bagaż uznaje się również foteliki służące do przewozu dzieci oraz bagażnik zewnętrzny zamontowany na pojeździe (np. boksy dachowe lub kufry motocyklowe). Wyłączone z ochrony są natomiast biżuteria, pieniądze, karty płatnicze i inne środki płatnicze [1][2][3][4][5].  

Zakres ubezpieczenia obejmuje:  
- uszkodzenie (w tym całkowite zniszczenie) bagażu w wyniku wypadku, w którym uległ uszkodzeniu pojazd [1][2],  
- kradzież bagażu wraz z pojazdem lub kradzież bagażu z pojazdu (o ile doszło do włamania) [1][2].  

Ochrona dotyczy zdarzeń na terytorium Polski i innych krajów europejskich [2].","Numerowana lista dokumentów jest poniżej:
---------------------
<results>
Dokument: 1
BAZA WIEDZY DOK
Fragment 126
Klient posiadający więcej niż jeden pojazd w Uniqa będzie posiadał ochronę zniżek tylko na pojeździe którym spowodował szkodę i który posiadał klauzulę. Na umowach pozostałych pojazdów szkoda będzie brana po uwagę. Obecnie produkt jest dostępny dla wszystkich, z czasem mogą pojawić się wyłączenia. (Np. ze względu na szkodowość.) Ubezpieczenie Bagażu Co rozumiemy przez pojęcie bagaż? bagaż – przedmioty stanowiące własność Ubezpieczonego, któ­re w chwili powstania szkody znajdowały się w pojeździe, w tym w bagażniku wewnętrznym lub bagażniku zewnętrznym pojazdu; za bagaż uznaje się również foteliki służące do przewozu dzieci oraz bagażnik zewnętrzny zamontowany na pojeździe, w tym boksy da­chowe lub kufry motocyklowe; za bagaż nie uznaje się biżuterii, pie­niędzy, kart płatniczych ani innych środków płatniczych. Obejmuje także dziecięce foteliki samochodowe. Zakres ubezpieczenia W ramach ubezpieczenia bagażu odpowiadamy za: uszkodzenie (w tym całkowite zniszczenie) bagażu w wyni­ku wypadku, w którym uległ uszkodzeniu pojazd wskazany w polisie, kradzież bagażu wraz z pojazdem wskazanym w polisie, kra­dzież bagażu z tego pojazdu lub kradzież bagażu z zamyka­nego bagażnika zewnętrznego (boks dachowy), o ile doszło do włamania.

Dokument: 2
OWU_Komunikacyjne_mBank_30.01.2024
Fragment 66
(wszystkie pojęcia znajdziesz w rozdziale VII pkt 11) bagaż – przedmioty stanowiące własność Ubezpieczonego, które w chwili powstania szkody znajdowały się w pojeździe, w tym w ba- gażniku wewnętrznym lub bagażniku zewnętrznym samochodu; za bagaż uznaje się również foteliki służące do przewozu dzieci oraz bagażnik zewnętrzny zamontowany na pojeździe, w tym boksy da- chowe; za bagaż nie uznaje się biżuterii, pieniędzy, kart płatniczych oraz innych środków płatniczych; 1. Jaki jest przedmiot i zakres ubezpieczenia? 1.1. Przedmiotem ubezpieczenia jest bagaż. 1.2. W ramach ubezpieczenia bagażu odpowiadamy za: a) uszkodzenie (w tym całkowite zniszczenie) bagażu w wyniku wypadku, w którym uległ uszkodzeniu samochód, b) kradzież bagażu wraz z samochodem lub kradzież bagażu z samochodu, o ile doszło do włamania do samochodu. 1.3. Ochrona ubezpieczeniowa obejmuje zdarzenia zaistniałe na te- rytorium Polski i pozostałych krajów europejskich. 2.

Dokument: 3
BAZA WIEDZY KOMUNIKACJA
Ubezpieczenie Bagażu-Co rozumiemy przez pojęcie bagaż?
Baza wiedzy komunikacyjna związana z ubezpieczeniami i odszkodowaniami pojazdów.
Ubezpieczenie Bagażu - Co rozumiemy przez pojęcie bagaż?

bagaż – przedmioty stanowiące własność Ubezpieczonego, któ­re w chwili powstania szkody znajdowały się w pojeździe, w tym w bagażniku wewnętrznym lub bagażniku zewnętrznym pojazdu; za bagaż uznaje się również foteliki służące do przewozu dzieci oraz bagażnik zewnętrzny zamontowany na pojeździe, w tym boksy da­chowe lub kufry motocyklowe; za bagaż nie uznaje się biżuterii, pie­niędzy, kart płatniczych ani innych środków płatniczych. Obejmuje także dziecięce foteliki samochodowe.

Dokument: 4
OWU_KOMUNIKACYJNE_UNIQA
IV. UBEZPIECZENIE BAGAŻU start paragraphs
Ogólne warunki ubezpieczenia komunikacyjnego związanego z ubezpieczaniem pojadów.
IV. UBEZPIECZENIE BAGAŻU

		Co rozumiemy przez użyte poniżej pojęcie? 
(wszystkie pojęcia znajdziesz w rozdziale X pkt 11)
		bagaż – przedmioty stanowiące własność Ubezpieczonego, które w chwili powstania szkody znajdowały się w pojeździe, w tym w bagażniku wewnętrznym lub bagażniku zewnętrznym pojazdu; za bagaż uznaje się również foteliki służące do przewozu dzieci oraz bagażnik zewnętrzny zamontowany na pojeździe, w tym boksy dachowe lub kufry motocyklowe; za bagaż nie uznaje się biżuterii, pieniędzy, kart płatniczych ani innych środków płatniczych; 

Dokument: 5
OWU_Komunikacyjne_mBank_30.01.2024
Fragment 86
11. Co rozumiemy przez pojęcia użyte w OWU? 11.1. awaria – zdarzenie losowe, powodujące unieruchomienie sa- mochodu, wynikające z przyczyn wewnętrznych pochodzenia mechanicznego, elektrycznego, elektronicznego (w tym awarie alarmu montowanego fabrycznie i niefabrycznie), pneuma- tycznego lub hydraulicznego; 11.2. bagaż – przedmioty stanowiące własność Ubezpieczonego, które w chwili powstania szkody znajdowały się w pojeździe, w tym w bagażniku wewnętrznym lub bagażniku zewnętrz- nym samochodu; za bagaż uznaje się również foteliki służące do przewozu dzieci oraz bagażnik zewnętrzny zamontowany na pojeździe, w tym boksy dachowe; za bagaż nie uznaje się biżuterii, pieniędzy, kart płatniczych oraz innych środków płat- niczych; 11.3. Centrum Alarmowe Assistance – podmiot zajmujący się orga- nizacją i świadczeniem usług określonych w OWU w zakresie ubezpieczenia Assistance; 11.4. deszcz nawalny – deszcz o współczynniku wydajności co naj- mniej 4 ustalonym przez Instytut Meteorologii i Gospodarki Wodnej (IMGW); przy braku uzyskania odpowiednich informa- cji z IMGW wystąpienie deszczu nawalnego stwierdza się na podstawie stanu faktycznego i rozmiaru szkód w miejscu ich powstania bądź w bezpośrednim sąsiedztwie; 11.5.
</results>
---------------------
Odpowiedz na pytanie użytkownika wykorzystując tylko informacje znajdujące się w dokumentach, a nie wcześniejszą wiedzę.
Udziel wysokiej jakości, poprawnej gramatycznie odpowiedzi w języku polskim. Odpowiedź powinna zawierać cytowania do dokumentów, z których pochodzą informacje. Zacytuj dokument za pomocą symbolu [nr_dokumentu] powołując się na fragment np. [1] dla fragmentu z dokumentu 1. Jeżeli w dokumentach nie ma informacji potrzebnych do odpowiedzi na pytanie, zamiast odpowiedzi zwróć tekst: ""Nie udało mi się odnaleźć odpowiedzi na pytanie"".

Pytanie: Jakie ubezpieczenie obejmuje bagaż i foteliki?",Jakie ubezpieczenie obejmuje bagaż i foteliki?,Do kiedy klient może to doubezpieczyć?,reformulate,Uniqa_test,Do kiedy klient może rozszerzyć zakres ubezpieczenia o bagaż i foteliki?
Do kiedy klient może doubezpieczyć AC ?,"Z analizy dokumentów wynika, że klient może doubezpieczyć autocasco (AC) w następujących okresach:  

1. **Do 30 dni od startu polisy** – w tym przypadku nie ma dodatkowych wymagań dotyczących zgody ZIOR ani konieczności pilnowania terminów inspekcji/opłaty przez klienta [2][3].  
2. **Od 30 dni do 6 miesięcy od startu polisy** – w zależności od inicjatywy (klienta lub Uniqa/DORDCY), procedura różni się szczegółami, ale termin pozostaje taki sam. Wymagane jest zaznaczenie opcji inspekcji wymaganej i online, a klient ma 5 dni na opłatę i inspekcję [1][2][3].  
3. **Od 30 dni do 9 miesięcy od startu polisy** – dotyczy tylko inicjatywy Uniqa/DORDCY, gdzie również obowiązuje 5-dniowy termin na opłatę i inspekcję [3].  

Dodatkowo, w przypadku polis mBank lub zawartych u agenta, inspekcja jest zlecana automatycznie, ale wymaga ręcznego monitorowania przez system (MSG + 5 dni) [1][3].  

Podsumowując:  
- **Inicjatywa klienta** – do **6 miesięcy** od startu polisy [1][2][3].  
- **Inicjatywa Uniqa/DORDCY** – do **9 miesięcy** od startu polisy [3].  

Wymóg odczytania komunikatów IDD, dosprzedaży i zgód marketingowych obowiązuje przy każdej dosprzedaży [1][3].","Numerowana lista dokumentów jest poniżej:
---------------------
<results>
Dokument: 1
BAZA WIEDZY DOK
Fragment 71
Doubezpieczenie Ogólne informacje: NB – do daty startu polisy istnieje możliwość dowolnej zmiany zakresu ubezpieczenia Dodanie dobrowolnych - inicjatywa Klienta max 6 miesięcy/inicjatywa Uniqa max do 9 miesięcy Po dosprzedaż należy odczytać komunikat IDD, komunikat dosprzedaży oraz komunikat zgody marketingowe Dla polis mBank i dla polis zawartych u Agenta inspekcja zleci się automatycznie, ale tu TIA nie zweryfikuje automatycznie, należy ustawić zadanie MSG + 5 dni i pilnować wpłaty klienta i realizacji inspekcji Doubezpieczenie zostawi w TIA kejs AUTO_DSP z opisem wprowadzonej zmiany, natomiast Modyfikacja odnowienia kejs AUTO_RPO, w którym również znajdziemy informację o korekcie po wprowadzonej zmianie należy wysłać do klienta komplet dokumentów. Doubezpieczenie możliwe jest tylko na opłaconej polisie IDD i komunikat doubezpieczenia - obligatoryjnie, przy każdej dosprzedaży. IDD - Rozumiem, ze zakres polisy spełnia Pana/Pani oczekiwania? Informuję, iż zaakceptowaliśmy Pana/Pani wniosek ubezpieczeniowy i w związku z tym umowa ubezpieczenia została zawarta. Udzielamy Panu/Pani ochrony ubezpieczeniowej od dnia DD-MM-RRRR. Sposób postępowania przy dosprzedaży: Na początku sprawdźmy czy na taryfie mamy dostępny wariant, który klient chce dokupić. Warunki jakie musi spełniać pojazd są szczegółowo wypisane w konkretnych produktach dosprzedaży(AC, Minicasco, Assistance, AC Europa itd.). Jeżeli klient zdecyduje się na zaproponowany zakres do skorzystaj z instrukcji doubezpieczenia w TIA. Zasady dosprzedaży AC, Minicasco, Szyby, AC Europa, GSU DO 30 DNI OD STARTU POLISY POWYŻEJ 30 DNI DO 6 MIESIĘCY AC; Minicasco; SZYBY;AC Europa, GSU z INICJATYWY KLIENTA Niewymagana zgoda ZIOR Data + 3 dni Wprowadzamy wybrany zakres ochrony W zakładce inspekcja wypełniamy niezbędne dane dodatkowo, zaznaczamy okienko inspekcja wymagana i inspekcja online Wysyłamy do klienta dokumenty Klient ma 5 dni na inspekcję i opłatę – nie pilnujemy Wymagana zgoda ZIOR Data + 3 dni Wprowadzamy wybrany zakres ochrony W zakładce inspekcja wypełniamy niezbędne dane dodatkowo, zaznaczamy okienko inspekcja wymagana i inspekcja online Wysyłamy do klienta dokumenty Klient ma 5 dni na inspekcję i opłatę – nie pilnujemy AC; Minicasco; SZYBY;AC Europa, GSU z INICJATYWY UNIQA/DORDCY Niewymagana zgoda ZIOR Inicjatywa Uniqa + 1 dni Wprowadzamy wybrany zakres ochrony System sam decyduje o zaznaczeniu pola okienko inspekcja wymagana i inspekcja online (gdy mamy przeczucie, że z klientem jest coś nie tak i że lepiej aby ta inspekcja się odbyła to możemy zaznaczyć) Wysyłamy do klienta dokumenty Klient ma 5 dni na inspekcję i opłatę – nie pilnujemy Niewymagana zgoda ZIOR Inicjatywa Uniqa + 1 dni Wprowadzamy wybrany zakres ochrony System sam decyduje o zaznaczeniu pola okienko inspekcja wymagana i inspekcja online (gdy mamy przeczucie, że z klientem jest coś nie tak i że lepiej aby ta inspekcja się odbyła to możemy zaznaczyć) Wysyłamy do klienta dokumenty Klient ma 5 dni na inspekcję i opłatę – nie pilnujemy Zasady dosprzedaży Bagaż, ASS, NNW, NNW Przedsiębiorcy, PM24, OPONY, Auto zastępcze na 5 dni INICJATYWA KLIENTA INICJATYWA UNIQA/DORDCY Bagaż, ASS, NNW, NNW Przedsiębiorcy, PM24, OPONY, Auto zastępcze na 5 dni DO 6 MIESIĘCY OD DATY STARTU POLISY • Niewymagana zgoda ZIOR • Data + 3 dni • 5 dni na opłatę składki DO 9 MIESIĘCY OD DATY STARTU POLISY • Niewymagana zgoda ZIOR • Data + 1 dzień • 5 dni na opłatę składki Weryfikacja inspekcji i płatności Po 5 dniach TIA sprawdza czy klient opłacił składkę i czy wykonał inspekcję: • Jest opłata i inspekcja - wszystko OK • Brak opłaty składki i inspekcji – TIA rozwiązuje dobrowolne i wysyła aneks z informacją o rozwiązaniu ubezpieczeń dobrowolnych • Jest opłata, brak inspekcji – ustawia się zadanie MSG/DSP do ręcznej obsługi Obsługa MSG/DSP • Ręcznie rozwiązujemy ubezpieczenia dobrowolne • Kontaktujemy się z klientem z pytaniem co dalej?

Dokument: 2
BAZA WIEDZY KOMUNIKACJA
Doubezpieczenie-Zasady dosprzedaży AC, Minicasco, Szyby, AC Europa, GSU
Baza wiedzy komunikacyjna związana z ubezpieczeniami i odszkodowaniami pojazdów.
Doubezpieczenie - Zasady dosprzedaży AC, Minicasco, Szyby, AC Europa, GSU

DO 30 DNI OD STARTU POLISY
POWYŻEJ 30 DNI DO 6 MIESIĘCY
AC; Minicasco; SZYBY;AC Europa, GSU z INICJATYWY KLIENTA
Niewymagana zgoda ZIOR 
Data + 3 dni
Wprowadzamy wybrany zakres ochrony
W zakładce inspekcja wypełniamy niezbędne dane dodatkowo, zaznaczamy okienko inspekcja wymagana i inspekcja online 
Wysyłamy do klienta dokumenty 
Klient ma 5 dni na inspekcję i opłatę – nie pilnujemy
Wymagana zgoda ZIOR 
Data + 3 dni 
Wprowadzamy wybrany zakres ochrony 
W zakładce inspekcja wypełniamy niezbędne dane dodatkowo, zaznaczamy okienko inspekcja wymagana i inspekcja online
Wysyłamy do klienta dokumenty Klient ma 5 dni na inspekcję i opłatę – nie pilnujemy
AC; Minicasco; SZYBY;AC Europa, GSU z INICJATYWY UNIQA/DORDCY
Niewymagana zgoda ZIOR 
Inicjatywa Uniqa + 1 dni 
Wprowadzamy wybrany zakres ochrony 
System sam decyduje o zaznaczeniu pola okienko inspekcja wymagana i inspekcja online (gdy mamy przeczucie, że z klientem jest coś nie tak i że lepiej aby ta inspekcja się odbyła to możemy zaznaczyć) 
Wysyłamy do klienta dokumenty 
Klient ma 5 dni na inspekcję i opłatę – nie pilnujemy
Niewymagana zgoda ZIOR 
Inicjatywa Uniqa + 1 dni 
Wprowadzamy wybrany zakres ochrony 
System sam decyduje o zaznaczeniu pola okienko inspekcja wymagana i inspekcja online (gdy mamy przeczucie, że z klientem jest coś nie tak i że lepiej aby ta inspekcja się odbyła to możemy zaznaczyć) 
Wysyłamy do klienta dokumenty 
Klient ma 5 dni na inspekcję i opłatę – nie pilnujemy

Dokument: 3
Zasady_Dosprzedaż
Fragment 1
DO 30 DNI OD STARTU POLISY POWYŻEJ 30 DNI DO 6 MIESIĘCY A C ; M in ic a sc o ; S Z Y B Y ;A C E u ro p a , G S U IN IC JA T Y W A K LI E N TA Niewymagana zgoda ZIOR • Inicjatywa klienta + 3 dni • Wprowadzamy wybrany zakres ochrony • W zakładce inspekcja wypełniamy niezbędne dane dodatkowo, zaznaczamy okienko inspekcja wymagana i inspekcja online • Wysyłamy do klienta dokumenty • Klient ma 5 dni na inspekcję i opłatę – nie pilnujemy? IN IC JA T Y W A K LI E N TA Wymagana zgoda ZIOR • Inicjatywa klienta + 3 dni • Wprowadzamy wybrany zakres ochrony • W zakładce inspekcja wypełniamy niezbędne dane dodatkowo, zaznaczamy okienko inspekcja wymagana i inspekcja online • Wysyłamy do klienta dokumenty • Klient ma 5 dni na inspekcję i opłatę – nie pilnujemy? IN IC JA T Y W A U N IQ A /D O R D C Y Niewymagana zgoda ZIOR • Inicjatywa Uniqa + 1 dni • Wprowadzamy wybrany zakres ochrony • System sam decyduje o zaznaczeniu pola okienko inspekcja wymagana i inspekcja online (gdy mamy przeczucie, że z klientem jest coś nie tak i że lepiej aby ta inspekcja się odbyła to możemy zaznaczyć) • Wysyłamy do klienta dokumenty • Klient ma 5 dni na inspekcję i opłatę – nie pilnujemy? IN IC JA T Y W A U N IQ A /D O R D C Y POWYŻEJ 30 DNI DO 9 MIESIĘCY Niewymagana zgoda ZIOR • Inicjatywa Uniqa + 1 dni • Wprowadzamy wybrany zakres ochrony • System sam decyduje o zaznaczeniu pola okienko inspekcja wymagana i inspekcja online (gdy mamy przeczucie, że z klientem jest coś nie tak i że lepiej aby ta inspekcja się odbyła to możemy zaznaczyć) • Wysyłamy do klienta dokumenty • Klient ma 5 dni na inspekcję i opłatę – nie pilnujemy? Po 5 dniach TIA sprawdza czy klient opłacił składkę i czy wykonał inspekcję: • Jest opłata i inspekcja - wszystko OK • Brak opłaty składki i inspekcji – TIA rozwiązuje dobrowolne i wysyła aneks z informacją o rozwiązaniu ubezpieczeń dobrowolnych • Jest opłata, brak inspekcji – ustawia się zadanie MSG/DSP do ręcznej obsługi Obsługa MSG/DSP • Ręcznie rozwiązujemy ubezpieczenia dobrowolne • Kontaktujemy się z klientem z pytaniem co dalej? – 2 próby kontaktu Decyzja klienta: • Dalej chce do ubezpieczyć – rozpoczynamy proces doubezpieczenia od nowa • Rezygnuje – przyjmujemy nr konta do zwrotu składki • Nie dodzwoniliśmy się - wysyłamy informację o rozwiązaniu dobrowolnych i o zwrocie składki, którą wpłacił Podejmujemy max 2 próby doubezpieczenia, jeżeli klient za drugim razem nie wywiąże się z opłaty składki czy inspekcji nie proponujemy kolejnego doubezpieczenia UWAGA! Dla polis mBank i dla polis zawartych u Agenta inspekcja zleci się automatycznie, ale tu TIA nie zweryfikuje automatycznie, należy ustawić zadanie MSG + 5 dni i pilnować wpłaty klienta i realizacji inspekcji ☹ w zależności od działań klienta postępujemy jak wyżej. INICJATYWA KLIENTA INICJATYWA UNIQA/DORDCY BAGAŻ DO 6 MIESIĘCY OD DATY STARTU POLISY • Niewymagana zgoda ZIOR • Inicjatywa klienta + 3 dni • 5 dni na opłatę składki DO 9 MIESIĘCY OD DATY STARTU POLISY • Niewymagana zgoda ZIOR • Inicjatywa Uniqa + 1 dzień • 5 dni na opłatę składki ASS NNW NNW Przedsię biorcy PM24 OPONY AUTO ZASTĘPC ZE NA 5 DNI • NB – do daty startu polisy istnieje możliwość dowolnej zmiany zakresu ubezpieczenia • Dodanie dobrowolnych - inicjatywa Klienta max 6 miesięcy/inicjatywa Uniqa max do 9 miesięcy • Po dosprzedaż należy odczytać komunikat IDD, komunikat dosprzedaży oraz komunikat zgody marketingowe. IDD - Rozumiem, ze zakres polisy spełnia Pana/Pani oczekiwania?

Dokument: 4
BAZA WIEDZY KOMUNIKACJA
Zmiany na polisie start paragraphs
Baza wiedzy komunikacyjna związana z ubezpieczeniami i odszkodowaniami pojazdów.
Zmiany na polisie

Kto może wprowadzić zmianę na polisie?
Zmian na polisie może dokonać na podstawie zgłoszenia:
Osoby ubezpieczającej (może być właścicielem ale nie musi) – dowolna zmiana;
Osoby ubezpieczonej (właściciel) (zmiany nie wpływające na składkę) – zmiany w zakresie swoich danych kontaktowych, podstawowe dane pojazdu – nr rejestracyjny, nr VIN (do 3 znaków) 
Osoby upoważnionej przez osobę ubezpieczającą do wykonywania zmian. 
Pamiętaj, że:
Jeśli kontaktuje się z nami klient  z polisą NB w statusie PR sprawą zajmuje się sprzedaż;
Jeśli kontaktuje się z nami klient z opłaconą polisą NB w statusie POL lub PR sprawą zajmujemy się my;
Jeśli kontaktuje się z nami klient w sprawie otrzymanej propozycji odnowienia polisy, sprawą zajmuje się zespół odnowień, przed opłaceniem odnowienia do 10 dni
Jeśli kontaktuje się z nami klient, który kupił pojazd w komisie partnerskim, sprawą zajmuje się zespół UCD do pierwszej sprzedaży
Jeśli kontaktuje się Agent, w sprawie polisy, którą wystawił, sprawą zajmuje się zespół Agentów, jeżeli klient jest obok możemy przyjąć telefonicznie upoważnienie dla Agenta
Do startu ochrony (w przypadku opłaconego NB) możemy dowolnie wprowadzać zmiany na życzenie klienta, z zastrzeżeniem, że każda korekta może wpłynąć na wysokość składki. Podobnie ma się sytuacja gdy zajmujemy się propozycją odnowienia polisy;
Na polisach bez AC, korekty wprowadzamy bez rekalkulacji, odwrotnie ma się sytuacja gdy klient korzysta z AC lub PKR, Minicasco. Wyjątkiem jest dodanie instalacji gazowej, tę bez względu na zakres ochrony dodajemy w trakcie roku bez rekalkulacji – jeśli wpis w dowodzie rejestracyjnym, bądź klient podaje nam datę dodania instalacji przed startem NB lub odnowienia, zmianę wprowadzamy z rekalkulacją od startu NB lub odnowienia;
Do 6 miesięcy od startu ochrony możemy modyfikować zakres ubezpieczenia (szczegóły w rozdziale Doubezpieczenie)  – nie dotyczy sumy ubezpieczenia AC czy NNW, Klient może zrezygnować z ubezpieczeń dobrowolnych zgodnie z zapisami w OWU
Do 6 miesięcy bez zgody OCN-u klient może podwyższyć pakiet assistance w każdym przypadku. Nie zmniejszamy pakietów w trakcie roku.
Zasady wprowadzania zmian z rekalkulacją
Zawsze zwracaj uwagę na jakim etapie życia jest polisa, do której klient zgłasza zmianę.
Jeśli kontaktuje się z nami klient:
z propozycją NB w statusie PR (nieopłacona) → przekazujemy na sprzedaż
z polisą NB w statusie POL lub PR (opłacona) → obsługujemy / polisujemy lub  zwrot skałdki
odnowienie, które jeszcze nie zostało wygenerowane lub zostało wygenerowane przez doradcę odnowień → przekazujemy na odnowienia
oferty odnowienia poniżej 5 dni do daty startu, opłacone lub wznowione przez TIA / CPA → możemy obsłużyć 
zawarta przez komis UCD, kontakt nabywcy → przekazujemy na UCD
zawarta przez komis UCD, kontakt drugiego nabywcy ( były 2 sprzedaże ) → obsługujemy
wyliczony NB po UCD w statusie POL → obsługujemy
Z rekalkulacją czy bez rekalkulacji?
Na polisach z zakończonym okresem ochrony nie wprowadzamy zmian z rekalkulacją
Zmiana w trakcie roku na taksówkę (samo OC) – bez rekalkulacji  / Zatajenie informacji o taxi - z dniem startu/odn z rekalkulacją
Zmiana w trakcie roku na taksówkę (OC+AC) – z rekalkulacją 
Zdjęcie AC i innych dobrowolnych na nieopłaconej polisie / brak spełnienia warunku inspekcji po doubezpieczeniu AC - bez rekalkulacji 
Dodanie współwłaściciela w trakcie roku polisowego przy OC - bez rekalkulacji
Dodanie współwłaściciela w trakcie roku polisowego przy OC/AC - z rekalkulacją + 1 dzień
Dodanie współwłaściciela w trakcie trwania roku + zgłoszenie po odnowieniu, gdy dopisany współwłaściciel został wcześniej- zmiana z dniem odnowienia z rekalkulacją
Dziedziczący po zgonie, na trwającym opłaconym odnowieniu z rekalkulacją
Dodanie osoby młodego kierowcy: samo OC- bez rekalkulacji, OC/AC- z rekalkulacją - z datą oświadczenia
Zmiana nazwiska (w związku ze zmianą stanu cywilnego) - Musimy otworzyć edycję z rekalkulacją, ale zapisyjemy tylko zmiany w ID. Anulujemy zmiany w polisie. - bez rekalkulacji (dopisywać rodowe!)
Wszystkie zmiany przed startem ochrony - z rekalkulacją
Zmiany po UZU DANYCH – bez rekalkulacji
Zmiana przebiegu (samo OC) – bez rekalkulacji z datą oświadczenia
Dodanie LPG (OC+AC) – bez rekalkulacji (zatajenie - z rekalkulacją z dniem startu/odnowienia)
Usunięcie leasingu (data zmiany - data wykupu) – bez rekalkulacji
Zmiana z domu w budowie na dom zamieszkały – z rekalkulacją + 1 dzień (klient może wypowiedzieć wtedy umowę w przeciągu 14 dni)
Zmiana adresu miejsca ubezpieczenia (Home)
z rekalkulacją jeśli mamy do czynienia z błędem klienta - wymagamy potwierdzenia adresu, prosimy o dosłanie strony aktu notarialnego gdzie widnieje adres nieruchomości.
bez rekalkulacji z datą ostatniej operacji, gdy chodzi o dodanie do adresu nr działki, nadanie nazwy ulicy, numeru domu, usunięcie nr działki.
Ustawiamy case na OCN z krótką informacją dlaczego prosimy o odblokowanie polisy
(panel serwisowy -> szybkieoperacje -> home)
Zmiany wprowadzane telefonicznie: 
Telefonicznie wprowadzamy prawie każdą zmianę. Jedyne zmiany, których nie dokonamy telefonicznie to:
•	wymóg prawny, np. cesję zdejmiemy dopiero jeśli otrzymamy potwierdzenie spłaty kredytu;
•	wewnętrzne ustalenia, np. nie przyjmiemy telefonicznie sprzedaży, gdy nabywcą jest spółka;
•	konieczność dodatkowej weryfikacji, np. wzrosła składka po zmianie wersji pojazdu po inspekcji AC, klient twierdzi, że przy zawarciu umowy podawał wszystkie dane poprawnie
Klient zadeklarował, że używa samochód jako taxi i chce wycofać zmianę 

Dokument: 5
Wytyczna MMOTOR
Fragment 26
Koszt dosprzedaży- koszt jaki klient poniesie za doubezpieczenie; jeżeli składka klienta w trakcie dosprzedaży zostanie zrekalkulowana to wyświetli się od razu tutaj i zostanie doliczona do kosztów dosprzedaży. Zaległość- kwota zaległości. Zgodnie z zasadami, jeżeli jest to zaległość za nieopłacone OC, klient najpierw musi uiścić opłatę. Może się zdarzyć, że będzie się wyświetlać wymagalność kolejnej raty- jeżeli jeszcze nie jest to zaległość(termin raty jeszcze nie minął) przeprowadzamy doubezpieczenie. Dopłata raty- dopłata do bieżącej raty. Kwota jaką klient musi uregulować w ciągu 3 dni od doubezpieczenia. Bieżąca rata (do zapłaty)- kwota zaległości+ dopłata raty. Dopłata rok- cały koszt polisy od doubezpieczenia od startu doubezpieczenia do końca trwania polisy. Przy doubezpieczeniu AC/Minicasco/Ass SZYBY zawsze uzupełniamy zakładkę inspekcja.
</results>
---------------------
Odpowiedz na pytanie użytkownika wykorzystując tylko informacje znajdujące się w dokumentach, a nie wcześniejszą wiedzę.
Udziel wysokiej jakości, poprawnej gramatycznie odpowiedzi w języku polskim. Odpowiedź powinna zawierać cytowania do dokumentów, z których pochodzą informacje. Zacytuj dokument za pomocą symbolu [nr_dokumentu] powołując się na fragment np. [1] dla fragmentu z dokumentu 1. Jeżeli w dokumentach nie ma informacji potrzebnych do odpowiedzi na pytanie, zamiast odpowiedzi zwróć tekst: ""Nie udało mi się odnaleźć odpowiedzi na pytanie"".

Pytanie: Do kiedy klient może doubezpieczyć AC ?",Do kiedy klient może doubezpieczyć AC ?,Co obejmuje bagaż i foteliki?,not_reformulate,Uniqa_test,Co obejmuje bagaż i foteliki?
Do kiedy klient może doubezpieczyć AC ?,"Z analizy dokumentów wynika, że klient może doubezpieczyć autocasco (AC) w następujących okresach:  

1. **Do 30 dni od startu polisy** – w tym przypadku nie ma dodatkowych wymagań dotyczących zgody ZIOR ani konieczności pilnowania terminów inspekcji/opłaty przez klienta [2][3].  
2. **Od 30 dni do 6 miesięcy od startu polisy** – w zależności od inicjatywy (klienta lub Uniqa/DORDCY), procedura różni się szczegółami, ale termin pozostaje taki sam. Wymagane jest zaznaczenie opcji inspekcji wymaganej i online, a klient ma 5 dni na opłatę i inspekcję [1][2][3].  
3. **Od 30 dni do 9 miesięcy od startu polisy** – dotyczy tylko inicjatywy Uniqa/DORDCY, gdzie również obowiązuje 5-dniowy termin na opłatę i inspekcję [3].  

Dodatkowo, w przypadku polis mBank lub zawartych u agenta, inspekcja jest zlecana automatycznie, ale wymaga ręcznego monitorowania przez system (MSG + 5 dni) [1][3].  

Podsumowując:  
- **Inicjatywa klienta** – do **6 miesięcy** od startu polisy [1][2][3].  
- **Inicjatywa Uniqa/DORDCY** – do **9 miesięcy** od startu polisy [3].  

Wymóg odczytania komunikatów IDD, dosprzedaży i zgód marketingowych obowiązuje przy każdej dosprzedaży [1][3].","Numerowana lista dokumentów jest poniżej:
---------------------
<results>
Dokument: 1
BAZA WIEDZY DOK
Fragment 71
Doubezpieczenie Ogólne informacje: NB – do daty startu polisy istnieje możliwość dowolnej zmiany zakresu ubezpieczenia Dodanie dobrowolnych - inicjatywa Klienta max 6 miesięcy/inicjatywa Uniqa max do 9 miesięcy Po dosprzedaż należy odczytać komunikat IDD, komunikat dosprzedaży oraz komunikat zgody marketingowe Dla polis mBank i dla polis zawartych u Agenta inspekcja zleci się automatycznie, ale tu TIA nie zweryfikuje automatycznie, należy ustawić zadanie MSG + 5 dni i pilnować wpłaty klienta i realizacji inspekcji Doubezpieczenie zostawi w TIA kejs AUTO_DSP z opisem wprowadzonej zmiany, natomiast Modyfikacja odnowienia kejs AUTO_RPO, w którym również znajdziemy informację o korekcie po wprowadzonej zmianie należy wysłać do klienta komplet dokumentów. Doubezpieczenie możliwe jest tylko na opłaconej polisie IDD i komunikat doubezpieczenia - obligatoryjnie, przy każdej dosprzedaży. IDD - Rozumiem, ze zakres polisy spełnia Pana/Pani oczekiwania? Informuję, iż zaakceptowaliśmy Pana/Pani wniosek ubezpieczeniowy i w związku z tym umowa ubezpieczenia została zawarta. Udzielamy Panu/Pani ochrony ubezpieczeniowej od dnia DD-MM-RRRR. Sposób postępowania przy dosprzedaży: Na początku sprawdźmy czy na taryfie mamy dostępny wariant, który klient chce dokupić. Warunki jakie musi spełniać pojazd są szczegółowo wypisane w konkretnych produktach dosprzedaży(AC, Minicasco, Assistance, AC Europa itd.). Jeżeli klient zdecyduje się na zaproponowany zakres do skorzystaj z instrukcji doubezpieczenia w TIA. Zasady dosprzedaży AC, Minicasco, Szyby, AC Europa, GSU DO 30 DNI OD STARTU POLISY POWYŻEJ 30 DNI DO 6 MIESIĘCY AC; Minicasco; SZYBY;AC Europa, GSU z INICJATYWY KLIENTA Niewymagana zgoda ZIOR Data + 3 dni Wprowadzamy wybrany zakres ochrony W zakładce inspekcja wypełniamy niezbędne dane dodatkowo, zaznaczamy okienko inspekcja wymagana i inspekcja online Wysyłamy do klienta dokumenty Klient ma 5 dni na inspekcję i opłatę – nie pilnujemy Wymagana zgoda ZIOR Data + 3 dni Wprowadzamy wybrany zakres ochrony W zakładce inspekcja wypełniamy niezbędne dane dodatkowo, zaznaczamy okienko inspekcja wymagana i inspekcja online Wysyłamy do klienta dokumenty Klient ma 5 dni na inspekcję i opłatę – nie pilnujemy AC; Minicasco; SZYBY;AC Europa, GSU z INICJATYWY UNIQA/DORDCY Niewymagana zgoda ZIOR Inicjatywa Uniqa + 1 dni Wprowadzamy wybrany zakres ochrony System sam decyduje o zaznaczeniu pola okienko inspekcja wymagana i inspekcja online (gdy mamy przeczucie, że z klientem jest coś nie tak i że lepiej aby ta inspekcja się odbyła to możemy zaznaczyć) Wysyłamy do klienta dokumenty Klient ma 5 dni na inspekcję i opłatę – nie pilnujemy Niewymagana zgoda ZIOR Inicjatywa Uniqa + 1 dni Wprowadzamy wybrany zakres ochrony System sam decyduje o zaznaczeniu pola okienko inspekcja wymagana i inspekcja online (gdy mamy przeczucie, że z klientem jest coś nie tak i że lepiej aby ta inspekcja się odbyła to możemy zaznaczyć) Wysyłamy do klienta dokumenty Klient ma 5 dni na inspekcję i opłatę – nie pilnujemy Zasady dosprzedaży Bagaż, ASS, NNW, NNW Przedsiębiorcy, PM24, OPONY, Auto zastępcze na 5 dni INICJATYWA KLIENTA INICJATYWA UNIQA/DORDCY Bagaż, ASS, NNW, NNW Przedsiębiorcy, PM24, OPONY, Auto zastępcze na 5 dni DO 6 MIESIĘCY OD DATY STARTU POLISY • Niewymagana zgoda ZIOR • Data + 3 dni • 5 dni na opłatę składki DO 9 MIESIĘCY OD DATY STARTU POLISY • Niewymagana zgoda ZIOR • Data + 1 dzień • 5 dni na opłatę składki Weryfikacja inspekcji i płatności Po 5 dniach TIA sprawdza czy klient opłacił składkę i czy wykonał inspekcję: • Jest opłata i inspekcja - wszystko OK • Brak opłaty składki i inspekcji – TIA rozwiązuje dobrowolne i wysyła aneks z informacją o rozwiązaniu ubezpieczeń dobrowolnych • Jest opłata, brak inspekcji – ustawia się zadanie MSG/DSP do ręcznej obsługi Obsługa MSG/DSP • Ręcznie rozwiązujemy ubezpieczenia dobrowolne • Kontaktujemy się z klientem z pytaniem co dalej?

Dokument: 2
BAZA WIEDZY KOMUNIKACJA
Doubezpieczenie-Zasady dosprzedaży AC, Minicasco, Szyby, AC Europa, GSU
Baza wiedzy komunikacyjna związana z ubezpieczeniami i odszkodowaniami pojazdów.
Doubezpieczenie - Zasady dosprzedaży AC, Minicasco, Szyby, AC Europa, GSU

DO 30 DNI OD STARTU POLISY
POWYŻEJ 30 DNI DO 6 MIESIĘCY
AC; Minicasco; SZYBY;AC Europa, GSU z INICJATYWY KLIENTA
Niewymagana zgoda ZIOR 
Data + 3 dni
Wprowadzamy wybrany zakres ochrony
W zakładce inspekcja wypełniamy niezbędne dane dodatkowo, zaznaczamy okienko inspekcja wymagana i inspekcja online 
Wysyłamy do klienta dokumenty 
Klient ma 5 dni na inspekcję i opłatę – nie pilnujemy
Wymagana zgoda ZIOR 
Data + 3 dni 
Wprowadzamy wybrany zakres ochrony 
W zakładce inspekcja wypełniamy niezbędne dane dodatkowo, zaznaczamy okienko inspekcja wymagana i inspekcja online
Wysyłamy do klienta dokumenty Klient ma 5 dni na inspekcję i opłatę – nie pilnujemy
AC; Minicasco; SZYBY;AC Europa, GSU z INICJATYWY UNIQA/DORDCY
Niewymagana zgoda ZIOR 
Inicjatywa Uniqa + 1 dni 
Wprowadzamy wybrany zakres ochrony 
System sam decyduje o zaznaczeniu pola okienko inspekcja wymagana i inspekcja online (gdy mamy przeczucie, że z klientem jest coś nie tak i że lepiej aby ta inspekcja się odbyła to możemy zaznaczyć) 
Wysyłamy do klienta dokumenty 
Klient ma 5 dni na inspekcję i opłatę – nie pilnujemy
Niewymagana zgoda ZIOR 
Inicjatywa Uniqa + 1 dni 
Wprowadzamy wybrany zakres ochrony 
System sam decyduje o zaznaczeniu pola okienko inspekcja wymagana i inspekcja online (gdy mamy przeczucie, że z klientem jest coś nie tak i że lepiej aby ta inspekcja się odbyła to możemy zaznaczyć) 
Wysyłamy do klienta dokumenty 
Klient ma 5 dni na inspekcję i opłatę – nie pilnujemy

Dokument: 3
Zasady_Dosprzedaż
Fragment 1
DO 30 DNI OD STARTU POLISY POWYŻEJ 30 DNI DO 6 MIESIĘCY A C ; M in ic a sc o ; S Z Y B Y ;A C E u ro p a , G S U IN IC JA T Y W A K LI E N TA Niewymagana zgoda ZIOR • Inicjatywa klienta + 3 dni • Wprowadzamy wybrany zakres ochrony • W zakładce inspekcja wypełniamy niezbędne dane dodatkowo, zaznaczamy okienko inspekcja wymagana i inspekcja online • Wysyłamy do klienta dokumenty • Klient ma 5 dni na inspekcję i opłatę – nie pilnujemy? IN IC JA T Y W A K LI E N TA Wymagana zgoda ZIOR • Inicjatywa klienta + 3 dni • Wprowadzamy wybrany zakres ochrony • W zakładce inspekcja wypełniamy niezbędne dane dodatkowo, zaznaczamy okienko inspekcja wymagana i inspekcja online • Wysyłamy do klienta dokumenty • Klient ma 5 dni na inspekcję i opłatę – nie pilnujemy? IN IC JA T Y W A U N IQ A /D O R D C Y Niewymagana zgoda ZIOR • Inicjatywa Uniqa + 1 dni • Wprowadzamy wybrany zakres ochrony • System sam decyduje o zaznaczeniu pola okienko inspekcja wymagana i inspekcja online (gdy mamy przeczucie, że z klientem jest coś nie tak i że lepiej aby ta inspekcja się odbyła to możemy zaznaczyć) • Wysyłamy do klienta dokumenty • Klient ma 5 dni na inspekcję i opłatę – nie pilnujemy? IN IC JA T Y W A U N IQ A /D O R D C Y POWYŻEJ 30 DNI DO 9 MIESIĘCY Niewymagana zgoda ZIOR • Inicjatywa Uniqa + 1 dni • Wprowadzamy wybrany zakres ochrony • System sam decyduje o zaznaczeniu pola okienko inspekcja wymagana i inspekcja online (gdy mamy przeczucie, że z klientem jest coś nie tak i że lepiej aby ta inspekcja się odbyła to możemy zaznaczyć) • Wysyłamy do klienta dokumenty • Klient ma 5 dni na inspekcję i opłatę – nie pilnujemy? Po 5 dniach TIA sprawdza czy klient opłacił składkę i czy wykonał inspekcję: • Jest opłata i inspekcja - wszystko OK • Brak opłaty składki i inspekcji – TIA rozwiązuje dobrowolne i wysyła aneks z informacją o rozwiązaniu ubezpieczeń dobrowolnych • Jest opłata, brak inspekcji – ustawia się zadanie MSG/DSP do ręcznej obsługi Obsługa MSG/DSP • Ręcznie rozwiązujemy ubezpieczenia dobrowolne • Kontaktujemy się z klientem z pytaniem co dalej? – 2 próby kontaktu Decyzja klienta: • Dalej chce do ubezpieczyć – rozpoczynamy proces doubezpieczenia od nowa • Rezygnuje – przyjmujemy nr konta do zwrotu składki • Nie dodzwoniliśmy się - wysyłamy informację o rozwiązaniu dobrowolnych i o zwrocie składki, którą wpłacił Podejmujemy max 2 próby doubezpieczenia, jeżeli klient za drugim razem nie wywiąże się z opłaty składki czy inspekcji nie proponujemy kolejnego doubezpieczenia UWAGA! Dla polis mBank i dla polis zawartych u Agenta inspekcja zleci się automatycznie, ale tu TIA nie zweryfikuje automatycznie, należy ustawić zadanie MSG + 5 dni i pilnować wpłaty klienta i realizacji inspekcji ☹ w zależności od działań klienta postępujemy jak wyżej. INICJATYWA KLIENTA INICJATYWA UNIQA/DORDCY BAGAŻ DO 6 MIESIĘCY OD DATY STARTU POLISY • Niewymagana zgoda ZIOR • Inicjatywa klienta + 3 dni • 5 dni na opłatę składki DO 9 MIESIĘCY OD DATY STARTU POLISY • Niewymagana zgoda ZIOR • Inicjatywa Uniqa + 1 dzień • 5 dni na opłatę składki ASS NNW NNW Przedsię biorcy PM24 OPONY AUTO ZASTĘPC ZE NA 5 DNI • NB – do daty startu polisy istnieje możliwość dowolnej zmiany zakresu ubezpieczenia • Dodanie dobrowolnych - inicjatywa Klienta max 6 miesięcy/inicjatywa Uniqa max do 9 miesięcy • Po dosprzedaż należy odczytać komunikat IDD, komunikat dosprzedaży oraz komunikat zgody marketingowe. IDD - Rozumiem, ze zakres polisy spełnia Pana/Pani oczekiwania?

Dokument: 4
BAZA WIEDZY KOMUNIKACJA
Zmiany na polisie start paragraphs
Baza wiedzy komunikacyjna związana z ubezpieczeniami i odszkodowaniami pojazdów.
Zmiany na polisie

Kto może wprowadzić zmianę na polisie?
Zmian na polisie może dokonać na podstawie zgłoszenia:
Osoby ubezpieczającej (może być właścicielem ale nie musi) – dowolna zmiana;
Osoby ubezpieczonej (właściciel) (zmiany nie wpływające na składkę) – zmiany w zakresie swoich danych kontaktowych, podstawowe dane pojazdu – nr rejestracyjny, nr VIN (do 3 znaków) 
Osoby upoważnionej przez osobę ubezpieczającą do wykonywania zmian. 
Pamiętaj, że:
Jeśli kontaktuje się z nami klient  z polisą NB w statusie PR sprawą zajmuje się sprzedaż;
Jeśli kontaktuje się z nami klient z opłaconą polisą NB w statusie POL lub PR sprawą zajmujemy się my;
Jeśli kontaktuje się z nami klient w sprawie otrzymanej propozycji odnowienia polisy, sprawą zajmuje się zespół odnowień, przed opłaceniem odnowienia do 10 dni
Jeśli kontaktuje się z nami klient, który kupił pojazd w komisie partnerskim, sprawą zajmuje się zespół UCD do pierwszej sprzedaży
Jeśli kontaktuje się Agent, w sprawie polisy, którą wystawił, sprawą zajmuje się zespół Agentów, jeżeli klient jest obok możemy przyjąć telefonicznie upoważnienie dla Agenta
Do startu ochrony (w przypadku opłaconego NB) możemy dowolnie wprowadzać zmiany na życzenie klienta, z zastrzeżeniem, że każda korekta może wpłynąć na wysokość składki. Podobnie ma się sytuacja gdy zajmujemy się propozycją odnowienia polisy;
Na polisach bez AC, korekty wprowadzamy bez rekalkulacji, odwrotnie ma się sytuacja gdy klient korzysta z AC lub PKR, Minicasco. Wyjątkiem jest dodanie instalacji gazowej, tę bez względu na zakres ochrony dodajemy w trakcie roku bez rekalkulacji – jeśli wpis w dowodzie rejestracyjnym, bądź klient podaje nam datę dodania instalacji przed startem NB lub odnowienia, zmianę wprowadzamy z rekalkulacją od startu NB lub odnowienia;
Do 6 miesięcy od startu ochrony możemy modyfikować zakres ubezpieczenia (szczegóły w rozdziale Doubezpieczenie)  – nie dotyczy sumy ubezpieczenia AC czy NNW, Klient może zrezygnować z ubezpieczeń dobrowolnych zgodnie z zapisami w OWU
Do 6 miesięcy bez zgody OCN-u klient może podwyższyć pakiet assistance w każdym przypadku. Nie zmniejszamy pakietów w trakcie roku.
Zasady wprowadzania zmian z rekalkulacją
Zawsze zwracaj uwagę na jakim etapie życia jest polisa, do której klient zgłasza zmianę.
Jeśli kontaktuje się z nami klient:
z propozycją NB w statusie PR (nieopłacona) → przekazujemy na sprzedaż
z polisą NB w statusie POL lub PR (opłacona) → obsługujemy / polisujemy lub  zwrot skałdki
odnowienie, które jeszcze nie zostało wygenerowane lub zostało wygenerowane przez doradcę odnowień → przekazujemy na odnowienia
oferty odnowienia poniżej 5 dni do daty startu, opłacone lub wznowione przez TIA / CPA → możemy obsłużyć 
zawarta przez komis UCD, kontakt nabywcy → przekazujemy na UCD
zawarta przez komis UCD, kontakt drugiego nabywcy ( były 2 sprzedaże ) → obsługujemy
wyliczony NB po UCD w statusie POL → obsługujemy
Z rekalkulacją czy bez rekalkulacji?
Na polisach z zakończonym okresem ochrony nie wprowadzamy zmian z rekalkulacją
Zmiana w trakcie roku na taksówkę (samo OC) – bez rekalkulacji  / Zatajenie informacji o taxi - z dniem startu/odn z rekalkulacją
Zmiana w trakcie roku na taksówkę (OC+AC) – z rekalkulacją 
Zdjęcie AC i innych dobrowolnych na nieopłaconej polisie / brak spełnienia warunku inspekcji po doubezpieczeniu AC - bez rekalkulacji 
Dodanie współwłaściciela w trakcie roku polisowego przy OC - bez rekalkulacji
Dodanie współwłaściciela w trakcie roku polisowego przy OC/AC - z rekalkulacją + 1 dzień
Dodanie współwłaściciela w trakcie trwania roku + zgłoszenie po odnowieniu, gdy dopisany współwłaściciel został wcześniej- zmiana z dniem odnowienia z rekalkulacją
Dziedziczący po zgonie, na trwającym opłaconym odnowieniu z rekalkulacją
Dodanie osoby młodego kierowcy: samo OC- bez rekalkulacji, OC/AC- z rekalkulacją - z datą oświadczenia
Zmiana nazwiska (w związku ze zmianą stanu cywilnego) - Musimy otworzyć edycję z rekalkulacją, ale zapisyjemy tylko zmiany w ID. Anulujemy zmiany w polisie. - bez rekalkulacji (dopisywać rodowe!)
Wszystkie zmiany przed startem ochrony - z rekalkulacją
Zmiany po UZU DANYCH – bez rekalkulacji
Zmiana przebiegu (samo OC) – bez rekalkulacji z datą oświadczenia
Dodanie LPG (OC+AC) – bez rekalkulacji (zatajenie - z rekalkulacją z dniem startu/odnowienia)
Usunięcie leasingu (data zmiany - data wykupu) – bez rekalkulacji
Zmiana z domu w budowie na dom zamieszkały – z rekalkulacją + 1 dzień (klient może wypowiedzieć wtedy umowę w przeciągu 14 dni)
Zmiana adresu miejsca ubezpieczenia (Home)
z rekalkulacją jeśli mamy do czynienia z błędem klienta - wymagamy potwierdzenia adresu, prosimy o dosłanie strony aktu notarialnego gdzie widnieje adres nieruchomości.
bez rekalkulacji z datą ostatniej operacji, gdy chodzi o dodanie do adresu nr działki, nadanie nazwy ulicy, numeru domu, usunięcie nr działki.
Ustawiamy case na OCN z krótką informacją dlaczego prosimy o odblokowanie polisy
(panel serwisowy -> szybkieoperacje -> home)
Zmiany wprowadzane telefonicznie: 
Telefonicznie wprowadzamy prawie każdą zmianę. Jedyne zmiany, których nie dokonamy telefonicznie to:
•	wymóg prawny, np. cesję zdejmiemy dopiero jeśli otrzymamy potwierdzenie spłaty kredytu;
•	wewnętrzne ustalenia, np. nie przyjmiemy telefonicznie sprzedaży, gdy nabywcą jest spółka;
•	konieczność dodatkowej weryfikacji, np. wzrosła składka po zmianie wersji pojazdu po inspekcji AC, klient twierdzi, że przy zawarciu umowy podawał wszystkie dane poprawnie
Klient zadeklarował, że używa samochód jako taxi i chce wycofać zmianę 

Dokument: 5
Wytyczna MMOTOR
Fragment 26
Koszt dosprzedaży- koszt jaki klient poniesie za doubezpieczenie; jeżeli składka klienta w trakcie dosprzedaży zostanie zrekalkulowana to wyświetli się od razu tutaj i zostanie doliczona do kosztów dosprzedaży. Zaległość- kwota zaległości. Zgodnie z zasadami, jeżeli jest to zaległość za nieopłacone OC, klient najpierw musi uiścić opłatę. Może się zdarzyć, że będzie się wyświetlać wymagalność kolejnej raty- jeżeli jeszcze nie jest to zaległość(termin raty jeszcze nie minął) przeprowadzamy doubezpieczenie. Dopłata raty- dopłata do bieżącej raty. Kwota jaką klient musi uregulować w ciągu 3 dni od doubezpieczenia. Bieżąca rata (do zapłaty)- kwota zaległości+ dopłata raty. Dopłata rok- cały koszt polisy od doubezpieczenia od startu doubezpieczenia do końca trwania polisy. Przy doubezpieczeniu AC/Minicasco/Ass SZYBY zawsze uzupełniamy zakładkę inspekcja.
</results>
---------------------
Odpowiedz na pytanie użytkownika wykorzystując tylko informacje znajdujące się w dokumentach, a nie wcześniejszą wiedzę.
Udziel wysokiej jakości, poprawnej gramatycznie odpowiedzi w języku polskim. Odpowiedź powinna zawierać cytowania do dokumentów, z których pochodzą informacje. Zacytuj dokument za pomocą symbolu [nr_dokumentu] powołując się na fragment np. [1] dla fragmentu z dokumentu 1. Jeżeli w dokumentach nie ma informacji potrzebnych do odpowiedzi na pytanie, zamiast odpowiedzi zwróć tekst: ""Nie udało mi się odnaleźć odpowiedzi na pytanie"".

Pytanie: Do kiedy klient może doubezpieczyć AC ?",Do kiedy klient może doubezpieczyć AC ?,Od czego chroni ryzyko szkody mrozowe?,not_reformulate,Uniqa_test,Od czego chroni ryzyko szkody mrozowe?
Od czego chroni ryzyko szkody mrozowe?,"Z analizy dokumentów wynika, że ryzyko szkód mrozowych obejmuje następujące sytuacje:  

1. **Pękanie mrozowe wewnątrz domu lub mieszkania** – spowodowane mrozem pęknięcie urządzeń kąpielowych, umywalek, spłuczek, syfonów, wodomierzy, kotłów, bojlerów, pomp cieplnych, rur dopływowych (wodociągowych) lub odpływowych (kanalizacyjnych), instalacji grzewczych, klimatyzacyjnych, tryskaczowych lub gaśniczych, a także wyciek pary, wody lub innej cieczy [5].  
2. **Pękanie mrozowe elementów zewnętrznych** – w przypadku ubezpieczenia *All Risk* obejmuje również pęknięcie elementów konstrukcyjnych oraz instalacji zewnętrznych znajdujących się na terenie posesji, na której posadowiony jest dom jednorodzinny [5].  

Warunkiem objęcia ochroną jest rozszerzenie zakresu ubezpieczenia o ryzyko szkód mrozowych [1]. W przypadku standardowego ubezpieczenia (bez rozszerzenia) szkody te nie są objęte ochroną.  

Dodatkowo, w kontekście wymogów dotyczących zabezpieczenia mienia, Ubezpieczający lub Ubezpieczony jest zobowiązany do stosowania środków ochronnych w celu zabezpieczenia instalacji wodnych i centralnego ogrzewania przed mrozem [3].  

Podsumowując, ryzyko szkód mrozowych chroni przed uszkodzeniami spowodowanymi mrozem w instalacjach wewnętrznych (np. pęknięcie rur, bojlerów) oraz – w przypadku ubezpieczenia *All Risk* – w elementach zewnętrznych (np. rurociągi na posesji).","Numerowana lista dokumentów jest poniżej:
---------------------
<results>
Dokument: 1
OWU_HOME_TWOJEMIEJSCE
Fragment 14
nie pojazdu – bezpośrednie uderzenie w mienie będące przedmiotem ubezpieczenia pojazdu silnikowego lub szynowego, a także uderzenie części tego pojazdu lub przewożonego nim ładunku, powodujące bezpośrednie zniszczenie lub uszkodzenie ubezpieczonego mienia, z wyłączeniem szkód w pojeździe i ładunku; n) Upadek przedmiotu – przewrócenie się budynku, dźwigu, komina, latarni, masztu, słupa energetycznego, rosnących drzew lub ich fragmentów na ubezpieczone mienie, niewywołane działalnością człowieka; o) Upadek statku powietrznego – katastrofa albo przymusowe lądowanie obiektu latającego, a także upadek jego części lub przewożonego ładunku; p) Zalanie – bezpośrednie działanie wody lub innych cieczy na ubezpieczone mienie, polegające na: – spowodowanym awarią wydostaniu się wody, pary lub innych płynów z prawidłowo wykonanych i konserwowanych instalacji oraz urządzeń domowych wodnych, centralnego ogrzewania, kanalizacyjnych, itp., znajdujących się wewnątrz ubezpieczonego mieszkania lub budynku, bądź poza nim, przy czym przez awarię rozumie się nagłe, samoistne pęknięcie bądź rozszczelnienie instalacji lub urządzeń, – cofnięciu się wody lub ścieków z instalacji kanalizacyjnej usytuowanej wewnątrz ubezpieczonego mieszkania lub budynku, bądź poza nim, – nieumyślnym pozostawieniu otwartych kranów lub innych zaworów zamontowanych na instalacji wewnątrz ubezpieczonego mieszkania lub budynku, bądź poza nim, w sytuacji udokumentowanej przerwy w dopływie wody, – zalaniu wodą pochodzącą z opadów atmosferycznych oraz zalaniu wodą lub innym płynem, który wydostał się z lokalu użytkowanego przez osoby trzecie; – zamarzaniu lub rozmarzaniu cieczy w rurach, urządzeniach lub instalacjach wewnątrz domu lub mieszkania pod warunkiem rozszerzenia zakresu ubezpieczenia o ryzyko szkód mrozowych; q) Zapadanie się ziemi – obniżenie terenu z powodu zawalenia się naturalnych, podziemnych, pustych przestrzeni w gruncie; 79) Zdarzenie ubezpieczeniowe (dalej również „wypadek”): a) w ubezpieczeniu mienia od ognia i innych zdarzeń losowych oraz od kradzieży z włamaniem i rabunku, ubezpieczeniu od wszystkich ryzyk (All Risk), ubezpieczeniu NNW, ubezpieczeniu pupili – niezależne od woli Ubezpieczonego zdarzenie przyszłe i niepewne o charakterze nagłym powodujące szkodę, określone w OWU, b) w ubezpieczeniu odpowiedzialności cywilnej w życiu prywatnym – działanie lub zaniechanie Ubezpieczonego, z którego wynikła szkoda osób trzecich, jak też inne zdarzenia wskazane w OWU, c) w ubezpieczeniu assistance domowy – zdarzenie objęte ochroną ubezpieczeniową w ramach umowy ubezpieczenia, której przedmiotem jest dom jednorodzinny, mieszkanie lub wyposażenie oraz awaria urządzeń gospodarstwa domowego, d) w ubezpieczeniu Pomoc Medyczna 24 – uszkodzenie ciała lub rozstrój zdrowia Ubezpieczonego w wyniku nieszczęśliwego wypadku lub nagłego zachorowania; 80) Źródła zielonej energii – instalacje fotowoltaiczne (wraz z panelami fotowoltaicznymi), kolektory słoneczne i pompy ciepła, trwale związane, tj. w sposób uniemożliwiający ich odłączenie bez użycia narzędzi, z domem jednorodzinnym, w tym w stadium budowy, domem letniskowym, budynkiem niemieszkalnym lub z gruntem na terenie posesji. Zawarcie umowy ubezpieczenia – początek odpowiedzialności Ubezpieczyciela § 4 1.

Dokument: 2
WYTYCZNA mHOME
Fragment 5
Bundled - są to ubezpieczenia zawierane w związku z kredytem hipotecznym. Umowa zawierana jest przez doradcę kredytowego w placówce mBanku. Umowa zawierane są na okres jednego roku i odnawiają się automatycznie do momentu spłaty kredytu. Termin płatności składki jest równoznaczny z dniem płatności raty kredytowej. W zależności od wariantu ubezpieczenia, nieruchomość chronimy od: -zdarzeń losowych, czyli ogień, uderzenie pioruna, eksplozja, upadek statku powietrznego, dym i sadza, deszcz nawalny, śnieg, grad, huragan, zalanie, osuwanie się ziemi, zapadanie się ziemi, lawina, uderzenie pojazdu, trzęsienie ziemi, huk ponaddźwiękowy lub od wszystkich ryzyk, -kradzieży z włamaniem lub rabunku, -dodatkowych ryzyk tj. uszkodzenia szyb i elementów szklanych, przepięcia, dewastacja, ubezpieczenie mienia w garażu/piwnicy, szkody mrozowe, koszty poszukiwania przyczyny szkody, przedmioty wartościowe, Assistance domowy, OC najemcy, elementy posesji, w przypadku domu w budowie narzędzie i materiały budowlane, w przypadku wariantu ALL RISK dodatkowo rażące niedbalstwo, kradzież zwykła, graffiti. HOME 3 2 Jakie nieruchomości ubezpieczamy Klient może zawrzeć ubezpieczenia na: -dom, -mieszkanie, -dom w budowie, -ruchomości i stałe elementy. Nie oferujemy ubezpieczeń dla: -domków letniskowych, -nieruchomości, w których występują przerwy w zamieszkaniu powyżej 3 miesięcy, -nieruchomości, w których prowadzona jest działalności gospodarcza w całości lub części przekraczającej 50% powierzchni budynku, -nieruchomości przeznaczonych na wynajem krótkoterminowy, -budynków z konstrukcji palnej, -nieruchomości wchodzących w skład gospodarstwa rolnego, -budynków niemieszkalnych (np. stodoła, magazyn).

Dokument: 3
OWU_HOME_TWOJEMIEJSCE
Start paragraphs
Ogólne warunki ubezpieczeń mieszkaniowych ""Twoje miejsce"". Dokument jest związany z ubezpieczeniem nieruchomości.
licząc od daty początku tego okresu 
Sprzęt RTV, AGD, PC, FOTO, elektroniczny, audiowizualny, instrumenty muzyczne
Ubezpieczenie mienia od ognia i innych zdarzeń losowych oraz od kradzieży z włamaniem lub rabunku – 70% sumy ubezpieczenia ruchomości domowych
Ubezpieczenie od wszystkich ryzyk (All Risk) – do wysokości sumy ubezpieczenia
Wyroby wykonane w całości lub części ze srebra, złota i platyny, monety, biżuteria (w tym zegarki), znaczki filatelistyczne
Ubezpieczenie mienia od ognia i innych zdarzeń losowych oraz od kradzieży z włamaniem lub rabunku – 30% sumy ubezpieczenia ruchomości domowych, nie więcej niż 20 000 zł 
Ubezpieczenie od wszystkich ryzyk (All Risk) – 40% sumy ubezpieczenia ruchomości domowych, nie więcej niż 30 000 zł
Dzieła sztuki
Ubezpieczenie mienia od ognia i innych zdarzeń losowych oraz od kradzieży z włamaniem lub rabunku – 10% sumy ubezpieczenia ruchomości domowych
Ubezpieczenie od wszystkich ryzyk (All Risk) – 40% sumy ubezpieczenia ruchomości domowych, nie więcej niż 50 000 zł
Broń z osprzętem i amunicja
10% sumy ubezpieczenia ruchomości domowych
Mienie służące do działalności gospodarczej lub zawodowej
Ubezpieczenie mienia od ognia i innych zdarzeń losowych oraz od kradzieży z włamaniem lub rabunku – 10% sumy ubezpieczenia ruchomości domowych
Ubezpieczenie od wszystkich ryzyk (All Risk) – 20% sumy ubezpieczenia ruchomości domowych
Pieniądze i środki płatnicze
10% sumy ubezpieczenia ruchomości domowych, nie więcej niż 5 000 zł
Papiery wartościowe
Ubezpieczenie mienia od ognia i innych zdarzeń losowych oraz od kradzieży z włamaniem lub rabunku – 5% sumy ubezpieczenia ruchomości domowych
Ubezpieczenie od wszystkich ryzyk (All Risk) – 10% sumy ubezpieczenia ruchomości domowych
Ruchomości domowe w czasowym posiadaniu Ubezpieczonego, które Ubezpieczony zobowiązany będzie zwrócić osobie trzeciej
25% sumy ubezpieczenia ruchomości domowych
Zwierzęta i rośliny, a dla wariantu ubezpieczenie mienia od wszystkich ryzyk (All Risk) również roślinność ogrodowa na posesji
Ubezpieczenie mienia od ognia i innych zdarzeń losowych oraz od kradzieży z włamaniem lub rabunku – 10% sumy ubezpieczenia ruchomości domowych
Ubezpieczenie od wszystkich ryzyk (All Risk) – 20% sumy ubezpieczenia ruchomości domowych
Szyby i elementy szklane od stłuczenia
Ubezpieczenie mienia od ognia i innych zdarzeń losowych oraz od kradzieży z włamaniem lub rabunku – 10% sumy ubezpieczenia ruchomości domowych
Ubezpieczenie od wszystkich ryzyk (All Risk) – 20% sumy ubezpieczenia ruchomości domowych
Ruchomości domowe w pomieszczeniach gospodarczych poza mieszkaniem lub domem jednorodzinnym oraz w garażu wolno stojącym
Ubezpieczenie mienia od ognia i innych zdarzeń losowych oraz od kradzieży z włamaniem lub rabunku – 20% sumy ubezpieczenia ruchomości domowych
Ubezpieczenie od wszystkich ryzyk (All Risk) – 30% sumy ubezpieczenia ruchomości domowych
Rzeczy osobiste gości
1 000 zł
Budynki niemieszkalne
Ubezpieczenie mienia od ognia i innych zdarzeń losowych oraz od kradzieży z włamaniem lub rabunku – 50 000 zł
Ubezpieczenie od wszystkich ryzyk (All Risk) – 100 000 zł
Obiekty architektury małej
Ubezpieczenie mienia od ognia i innych zdarzeń losowych oraz od kradzieży z włamaniem lub rabunku – 50 000 zł
Ubezpieczenie od wszystkich ryzyk (All Risk) – 100 000 zł
Budynki niemieszkalne w przypadku ubezpieczenia domu letniskowego
10 000 zł
Obiekty małe architektury w przypadku ubezpieczenia domu letniskowego
2 000 zł
Materiały budowlane wewnątrz domu jednorodzinnego w budowie
15 000 zł
Narzędzia budowlane wewnątrz domu jednorodzinnego w budowie
15 000 zł
Dewastacja nagrobka
20% sumy ubezpieczenia nagrobka
Koszty demontażu oraz uprzątnięcia miejsca szkody
10% sumy ubezpieczenia ustalonej dla mienia, którego dotyczy demontaż i uprzątnięcie
Koszty transportu i składowania mienia
Ubezpieczenie mienia od ognia i innych zdarzeń losowych oraz od kradzieży z włamaniem lub rabunku – 10% sumy ubezpieczenia ustalonej dla mienia, którego dotyczy transport i składowanie nie więcej niż 5 000 zł
Ubezpieczenie od wszystkich ryzyk (All Risk) – 20% sumy ubezpieczenia, ustalonej dla mienia, którego dotyczy transport i składowanie nie więcej niż 10 000 zł
Przepięcia w ruchomościach domowych i elementach stałych
Ubezpieczenie mienia od ognia i innych zdarzeń losowych oraz od kradzieży z włamaniem lub rabunku – 10 000 zł
Ubezpieczenie od wszystkich ryzyk (All Risk) – do sumy ubezpieczenia
Pękanie mrozowe wewnątrz domu lub mieszkania
Ubezpieczenie mienia od ognia i innych zdarzeń losowych oraz od kradzieży z włamaniem lub rabunku – 10 000 zł
Ubezpieczenie od wszystkich ryzyk (All Risk) – 20 000 zł
Pękanie mrozowe elementów konstrukcyjnych i instalacji zewnętrznych w ubezpieczeniu All Risk
5 000 zł
Koszty poszukiwania i usuwania przyczyn szkody, z zastrzeżeniem, że limit nie ma zastosowania do kosztów usunięcia przyczyny szkody
Ubezpieczenie mienia od ognia i innych zdarzeń losowych oraz od kradzieży z włamaniem lub rabunku – 10 000 zł
Ubezpieczenie od wszystkich ryzyk (All Risk) – 20 000 zł
Kradzież zwykła w ubezpieczeniu od wszystkich ryzyk (All Risk)
10 000 zł
Graffiti
2 500 zł
Meble ogrodowe
2 000 zł
Ruchomości poza domem – biżuteria (w tym zegarki)
2 000 zł
Ruchomości poza domem – gotówka
5% sumy ubezpieczenia ruchomości poza domem, nie więcej niż 2 000 zł
Ruchomości poza domem – sprzęt muzyczny, sprzęt komputerowy, telekomunikacyjny, sprzęt fotograficzny
50% sumy ubezpieczenia ruchomości poza domem
Koszty utraty wody i gazu
2 500 zł
	
	Wymogi dotyczące zabezpieczenia mienia
	§ 38
	1.	Ubezpieczający lub Ubezpieczony obowiązany jest:
			1)	przestrzegać obowiązujących przepisów prawa dotyczących ochrony przeciwpożarowej;
			2)	przeprowadzać konserwacje i okresowe remonty w ubezpieczonym mieniu;
			3)	stosować środki ochronne w celu zabezpieczenia instalacji wodnych i centralnego ogrzewania przed mrozem;
			4)	zamknąć, opróżnić z wody i utrzymywać opróżnione instalacje wodne i centralnego ogrzewania w obiektach nieużywanych i niedozorowanych lub czasowo nieczynnych;
			5)	wykonywać niezwłocznie wszelkie inwestycje i naprawy niezbędne dla utrzymania stanu technicznego mienia na poziomie zapewniającym prawidłowe działanie instalacji, co najmniej w zakresie wynikającym z przepisów prawa.
	2.	W razie naruszenia z winy umyślnej lub wskutek rażącego niedbalstwa obowiązków, o których mowa w ust. 1, Ubezpieczyciel wolny jest od odpowiedzialności za szkody powstałe z tego powodu. Jeżeli jednak do wyrządzenia szkody doszło wskutek rażącego niedbalstwa w zakresie wykonywania wyżej wymienionych obowiązków, odszkodowanie jest należne, jeśli zapłata odszkodowania odpowiada w danych okolicznościach względom słuszności.
	§ 39
	1.	Dom jednorodzinny, dom w budowie lub dom letniskowy oraz mieszkanie uważa się za należycie zabezpieczone, jeżeli spełnione zostały łącznie następujące warunki:
			1)	każde drzwi zewnętrzne prowadzące do domu jednorodzinnego, domu letniskowego lub mieszkania powinny być wyposażone w co najmniej:
			a)	jeden zamek wielozastawkowy (tj. zamek posiadający przynajmniej dwie ruchome zastawki służące do blokowania zasuwki zamka; ilość zastawek w zamku można ustalić na podstawie nacięć profilowanych w kluczu),
			b)	lub jeden zamek wielopunktowy (tj. zamek powodujący ryglowanie skrzydła drzwi w ościeżnicy w kilku odległych od siebie miejscach),
			c)	lub jeden zamek atestowany (tj. zamek lub wkładka w drzwiach zewnętrznych, posiadające w chwili zakupu atest potwierdzający ich zwiększoną odporność na włamanie),
			d)	bądź jeden zamek mechaniczno-elektroniczny (tj. zamek, którego uruchamianie następuje przy zastosowaniu systemu elektronicznego) oraz zamknięte na co najmniej jeden z powyżej wymienionych zamków, z zastrzeżeniem pkt 3);
			2)	oszklone drzwi zewnętrzne prowadzące do domu jednorodzinnego, domu letniskowego lub mieszkania nie mogą być zaopatrzone w zamki, które można otworzyć bez użycia klucza przez otwór wybity w szybie;
			3)	drzwi zewnętrzne, okna, drzwi balkonowe i tarasowe powinny znajdować się w należytym stanie technicznym i być tak umocowane, osadzone i zamknięte, żeby wyłamanie ich lub wyważenie nie było możliwe bez pozostawienia śladów stanowiących dowód użycia siły lub narzędzi;

Dokument: 4
OWU_HOME_TWOJEMIEJSCE
Start paragraphs
Ogólne warunki ubezpieczeń mieszkaniowych ""Twoje miejsce"". Dokument jest związany z ubezpieczeniem nieruchomości.
			d)	Grad – opad atmosferyczny składający się z bryłek lodu;
			e)	Huk ponaddźwiękowy – fala uderzeniowa wytworzona przez statek powietrzny poruszający się z prędkością większą od prędkości dźwięku;
			f)	Lawina – gwałtowne zsuwanie się lub staczanie mas śniegu, lodu, błota, skał lub kamieni na terenach górskich lub falistych;
			g)	Ogień – ogień, który przedostał się poza palenisko lub powstał bez paleniska i rozprzestrzenił się o własnej sile;
			h)	Osuwanie się ziemi – nie spowodowane działalnością ludzką zsuwanie się ziemi po stoku;
			i)	Piorun – bezpośrednie wyładowanie atmosferyczne na ubezpieczone mienie, pozostawiające ślady tego zdarzenia;
			j)	Silny wiatr – wiatr o prędkości nie mniejszej niż 15 m/s (54 km/h) ustalonej przez Instytut Meteorologii i Gospodarki Wodnej (IMGW), którego działanie wyrządza masowe szkody, a w przypadku braku opinii IMGW wystąpienie silnego wiatru stwierdza się na podstawie stanu faktycznego i rozmiaru szkód w miejscu ich powstania bądź bezpośrednim sąsiedztwie;
			k)	Śnieg – opad atmosferyczny, który swoim ciężarem bezpośrednio oddziałuje na przedmiot ubezpieczenia albo może spowodować przewrócenie się pod wpływem jego ciężaru sąsiedniego mienia na przedmiot ubezpieczenia;
			l)	Trzęsienie ziemi – naturalne, gwałtowne wstrząsy skorupy ziemskiej;
			m)	Uderzenie pojazdu – bezpośrednie uderzenie w mienie będące przedmiotem ubezpieczenia pojazdu silnikowego lub szynowego, a także uderzenie części tego pojazdu lub przewożonego nim ładunku, powodujące bezpośrednie zniszczenie lub uszkodzenie ubezpieczonego mienia, z wyłączeniem szkód w pojeździe i ładunku;
			n)	Upadek przedmiotu – przewrócenie się budynku, dźwigu, komina, latarni, masztu, słupa energetycznego, rosnących drzew lub ich fragmentów na ubezpieczone mienie, niewywołane działalnością człowieka;
			o)	Upadek statku powietrznego – katastrofa albo przymusowe lądowanie obiektu latającego, a także upadek jego części lub przewożonego ładunku;
			p)	Zalanie – bezpośrednie działanie wody lub innych cieczy na ubezpieczone mienie, polegające na:
	– spowodowanym awarią wydostaniu się wody, pary lub innych płynów z prawidłowo wykonanych i konserwowanych instalacji oraz urządzeń domowych wodnych, centralnego ogrzewania, kanalizacyjnych, itp., znajdujących się wewnątrz ubezpieczonego mieszkania lub budynku, bądź poza nim, przy czym przez awarię rozumie się nagłe, samoistne pęknięcie bądź rozszczelnienie instalacji lub urządzeń,
	– cofnięciu się wody lub ścieków z instalacji kanalizacyjnej usytuowanej wewnątrz ubezpieczonego mieszkania lub budynku, bądź poza nim,
	– nieumyślnym pozostawieniu otwartych kranów lub innych zaworów zamontowanych na instalacji wewnątrz ubezpieczonego mieszkania lub budynku, bądź poza nim, w sytuacji udokumentowanej przerwy w dopływie wody,
	– zalaniu wodą pochodzącą z opadów atmosferycznych oraz zalaniu wodą lub innym płynem, który wydostał się z lokalu użytkowanego przez osoby trzecie;
	– zamarzaniu lub rozmarzaniu cieczy w rurach, urządzeniach lub instalacjach wewnątrz domu lub mieszkania pod warunkiem rozszerzenia zakresu ubezpieczenia o ryzyko szkód mrozowych;
			q)	Zapadanie się ziemi – obniżenie terenu z powodu zawalenia się naturalnych, podziemnych, pustych przestrzeni w gruncie;
	79)	Zdarzenie ubezpieczeniowe (dalej również „wypadek”):
			a)	w ubezpieczeniu mienia od ognia i innych zdarzeń losowych oraz od kradzieży z włamaniem i rabunku, ubezpieczeniu od wszystkich ryzyk (All Risk), ubezpieczeniu NNW, ubezpieczeniu pupili – niezależne od woli Ubezpieczonego zdarzenie przyszłe i niepewne o charakterze nagłym powodujące szkodę, określone w OWU,
			b)	w ubezpieczeniu odpowiedzialności cywilnej w życiu prywatnym – działanie lub zaniechanie Ubezpieczonego, z którego wynikła szkoda osób trzecich, jak też inne zdarzenia wskazane w OWU,
			c)	w ubezpieczeniu assistance domowy – zdarzenie objęte ochroną ubezpieczeniową w ramach umowy ubezpieczenia, której przedmiotem jest dom jednorodzinny, mieszkanie lub wyposażenie oraz awaria urządzeń gospodarstwa domowego,
			d)	w ubezpieczeniu Pomoc Medyczna 24 – uszkodzenie ciała lub rozstrój zdrowia Ubezpieczonego w wyniku nieszczęśliwego wypadku lub nagłego zachorowania;
	80)	Źródła zielonej energii – instalacje fotowoltaiczne (wraz z panelami fotowoltaicznymi), kolektory słoneczne i pompy ciepła, trwale związane, tj. w sposób uniemożliwiający ich odłączenie bez użycia narzędzi, z domem jednorodzinnym, w tym w stadium budowy, domem letniskowym, budynkiem niemieszkalnym lub z gruntem na terenie posesji.
Zawarcie umowy ubezpieczenia – początek odpowiedzialności Ubezpieczyciela
§ 4
	1.	Umowa ubezpieczenia zawierana jest na okres ubezpieczenia trwający 12 albo 36 miesięcy; daty początku i końca okresu ubezpieczenia określa Umowa ubezpieczenia.
	2.	Umowa ubezpieczenia zawierana jest na podstawie informacji podanych przez Ubezpieczającego we wniosku o ubezpieczenie, niezbędnych do dokonania przez Ubezpieczyciela oceny ryzyka ubezpieczeniowego. Informacje te mogą być podane przez Ubezpieczającego Ubezpieczycielowi za pośrednictwem środków porozumiewania się na odległość, w szczególności telefonu lub Internetu z zastrzeżeniem, że w przypadku składania wniosku o ubezpieczenie, za pośrednictwem Internetu, Ubezpieczający zobowiązany jest do uprzedniego złożenia oświadczenia o zapoznaniu się i akceptacji regulaminu świadczenia przez Ubezpieczyciela usług drogą elektroniczną, a Ubezpieczyciel jest zobowiązany udostępnić ten regulamin Ubezpieczającemu. Informacje, o których mowa powyżej, obejmują w szczególności dane:
			1)	personalne Ubezpieczającego, Ubezpieczonego lub innych osób zamieszkujących w miejscu ubezpieczenia i mogących z niego korzystać oraz dotyczące ewentualnych zniżek lub zwyżek składek ubezpieczeniowych;
			2)	dotyczące przedmiotu ubezpieczenia i cech identyfikacyjnych przedmiotu ubezpieczenia;
			3)	dotyczące stanu technicznego miejsca ubezpieczenia (w tym zainstalowanych zabezpieczeń antywłamaniowych);
			4)	inne określone we wniosku o ubezpieczenie.
	3.	Na podstawie wniosku o ubezpieczenie, na życzenie Ubezpieczającego, może zostać sporządzona propozycja zawarcia umowy ubezpieczenia zawierająca informacje o zakresie ochrony ubezpieczeniowej, wysokości składki oraz terminach i sposobach jej płatności. Propozycja zawarcia umowy ubezpieczenia, doręczona Ubezpieczającemu wraz z OWU, ważna jest do dnia wskazanego w propozycji zawarcia umowy jako dzień zapłaty składki lub jej pierwszej raty.
	4.	Umowę ubezpieczenia uważa się za zawartą:
			1)	w sytuacji gdy została sporządzona propozycja zawarcia umowy ubezpieczenia – z chwilą zapłacenia składki lub jej pierwszej raty w terminie wskazanym w propozycji zawarcia umowy ubezpieczenia;
			2)	w sytuacji gdy propozycja zawarcia umowy ubezpieczenia nie została sporządzona – z chwilą zaakceptowania przez Ubezpieczyciela wnioskopolisy.
	5.	Odpowiedzialność Ubezpieczyciela rozpoczyna się w dniu ustalonym w umowie ubezpieczenia i potwierdzonym w polisie albo wnioskopolisie jako początek okresu ubezpieczenia, jednak nie wcześniej niż od dnia następnego po zawarciu umowy. W zakresie ryzyka powodzi, o ile jest objęte umową ubezpieczenia, zastosowanie ma ponadto § 32.
	6.	Ubezpieczyciel ma prawo uzależnić rozpoczęcie świadczenia ochrony ubezpieczeniowej od dostarczenia przez Ubezpieczającego dokumentów wymaganych przez Ubezpieczyciela (aktu notarialnego, protokołów odbiorów częściowych nieruchomości, operatu szacunkowego) lub od przeprowadzenia przez Ubezpieczyciela inspekcji miejsca ubezpieczenia. W takim przypadku strony uzgadniają w umowie ubezpieczenia, że ochrona ubezpieczeniowa rozpoczyna się nie wcześniej niż w dniu następnym po dniu wykonania inspekcji przez Ubezpieczyciela oraz po otrzymaniu dokumentów, których dostarczenia żądał Ubezpieczyciel i pod warunkiem zaakceptowania przez Ubezpieczyciela wyniku inspekcji i dostarczonych dokumentów. Ubezpieczyciel przy lub po zawarciu umowy ubezpieczenia uzgadnia z Ubezpieczającym termin wykonania inspekcji miejsca ubezpieczenia lub termin dostarczenia dodatkowych dokumentów. Ubezpieczyciel składa oświadczenie o akceptacji lub braku akceptacji wyników inspekcji lub dostarczonych dokumentów w terminie nie dłuższym niż 3 dni robocze (tj. nie licząc sobót, niedziel lub świąt) od daty dokonania inspekcji lub odpowiednio od daty otrzymania żądanych dokumentów. Niezłożenie przez Ubezpieczyciela oświadczenia we wskazanym terminie będzie jednoznaczne z akceptacją wyniku inspekcji. Oświadczenie, o którym mowa w poprzednim zdaniu Ubezpieczyciel może złożyć również w formie elektronicznej (e-mail, SMS) uzgodnionej jako forma kontaktu z Ubezpieczającym. Niezależnie od postanowień niniejszego ustępu umowa ubezpieczenia może zostać rozwiązana w przypadkach i w trybie określonym w § 9 ust. 4 pkt 2).

Dokument: 5
OWU_HOME_TWOJEMIEJSCE
Fragment 6
użące do wykończenia będącego w budowie ubezpieczonego domu jednorodzinnego; 33) Nieszczęśliwy wypadek – przypadkowe, nagłe zdarzenie powstałe w okresie odpowiedzialności Ubezpieczyciela, wywołane przyczyną zewnętrzną, niezależne od woli Ubezpieczonego ani od stanu jego zdrowia w ubezpieczeniu NNW, a w przypadku ubezpieczenia pupili – niezależnie od stanu zdrowia psa lub kota, w następstwie którego Ubezpieczony, a w ubezpieczeniu pupili pies lub kot, doznał uszkodzenia ciała lub zmarł. Za nieszczęśliwy wypadek w ubezpieczeniu NNW nie uznaje się następstw zdrowotnych przeciążenia, wysiłku, dźwignięcia, pochylenia, a także zawału serca, udaru mózgu i innych chorób, nawet jeżeli wystąpiły nagle; 34) Obiekty małej architektury – trwale związane z gruntem następujące obiekty budowlane usytuowane na terenie posesji: wiaty, nawierzchnie placów i podjazdów, posągi, murki ogrodowe, grille murowane, fontanny, baseny, pergole, altany, przytwierdzone do podłoża urządzenia sportowe służące do rekreacji, piaskownice, śmietniki, zamontowane na stałe instalacje: zraszająca, oświetleniowa, służące do dostarczania energii, ciepła, wody, gazu, także ogrodzenie posesji wraz z bramą, otwieraną ręcznie lub sterowaniem radiowym i jej wyposażeniem instalacyjnym. Za obiekty małej architektury nie są uznawane zainstalowane na gruncie na terenie posesji instalacje fotowoltaiczne (wraz z panelami fotowoltaicznymi), kolektory słoneczne i pompy ciepła; 35) Okres ubezpieczenia – okres odpowiedzialności Ubezpieczyciela; 36) Osoba bliska – małżonek, małżonka, konkubina, konkubent, wstępni, zstępni, pasierbica, pasierb, dziecko przysposobione albo przyjęte na wychowanie przez Ubezpieczonego, przysposabiający, rodzeństwo, ojczym, macocha, teściowie, zięć, synowa, małżonkowie rodzeństwa, dzieci rodzeństwa; 37) Papiery wartościowe – czeki, weksle, obligacje, akcje, konosamenty, akredytywy dokumentowe i inne dokumenty zastępujące w obrocie gotówkę; 38) Pękanie mrozowe – spowodowane mrozem pęknięcie znajdujących się wewnątrz domu jednorodzinnego lub mieszkania urządzeń kąpielowych, umywalek, spłuczek, syfonów, wodomierzy, kotłów, bojlerów, pomp cieplnych, rur dopływowych (wodociągowych) lub odpływowych (kanalizacyjnych), instalacji grzewczych, klimatyzacyjnych, tryskaczowych lub gaśniczych bądź wyciek pary, wody lub innej cieczy; w ubezpieczeniu od wszystkich ryzyk (All Risk) również spowodowane mrozem pęknięcie elementów konstrukcyjnych oraz instalacji zewnętrznych znajdujących się na terenie posesji, na której posadowiony jest dom jednorodzinny; 39) Polisa – dokument ubezpieczenia, wystawiony przez Ubezpieczyciela, potwierdzający zawarcie umowy ubezpieczenia i jej warunki; 40) Pomieszczenie przynależne – pomieszczenie, które stanowi część składową ubezpieczonego mieszkania lub domu jednorodzinnego, nawet jeśli dane pomieszczenie nie przylega bezpośrednio do mieszkania, ale znajduje się w tym samym budynku wielorodzinnym co ubezpieczone mieszkanie lub na posesji domu jednorodzinnego: piwnica, komórka, strych, pomieszczenie gospodarcze, garaż wolno stojący, miejsce parkingowe w garażu podziemnym.
</results>
---------------------
Odpowiedz na pytanie użytkownika wykorzystując tylko informacje znajdujące się w dokumentach, a nie wcześniejszą wiedzę.
Udziel wysokiej jakości, poprawnej gramatycznie odpowiedzi w języku polskim. Odpowiedź powinna zawierać cytowania do dokumentów, z których pochodzą informacje. Zacytuj dokument za pomocą symbolu [nr_dokumentu] powołując się na fragment np. [1] dla fragmentu z dokumentu 1. Jeżeli w dokumentach nie ma informacji potrzebnych do odpowiedzi na pytanie, zamiast odpowiedzi zwróć tekst: ""Nie udało mi się odnaleźć odpowiedzi na pytanie"".

Pytanie: Od czego chroni ryzyko szkody mrozowe?",Od czego chroni ryzyko szkody mrozowe?,Do kiedy klient może to doubezpieczyć?,reformulate,Uniqa_test,Do kiedy klient może rozszerzyć zakres ubezpieczenia o szkody mrozowe?
Od czego chroni ryzyko szkody mrozowe?,"Z analizy dokumentów wynika, że ryzyko szkód mrozowych obejmuje następujące sytuacje:  

1. **Pękanie mrozowe wewnątrz domu lub mieszkania** – spowodowane mrozem pęknięcie urządzeń kąpielowych, umywalek, spłuczek, syfonów, wodomierzy, kotłów, bojlerów, pomp cieplnych, rur dopływowych (wodociągowych) lub odpływowych (kanalizacyjnych), instalacji grzewczych, klimatyzacyjnych, tryskaczowych lub gaśniczych, a także wyciek pary, wody lub innej cieczy [5].  
2. **Pękanie mrozowe elementów zewnętrznych** – w przypadku ubezpieczenia *All Risk* obejmuje również pęknięcie elementów konstrukcyjnych oraz instalacji zewnętrznych znajdujących się na terenie posesji, na której posadowiony jest dom jednorodzinny [5].  

Warunkiem objęcia ochroną jest rozszerzenie zakresu ubezpieczenia o ryzyko szkód mrozowych [1]. W przypadku standardowego ubezpieczenia (bez rozszerzenia) szkody te nie są objęte ochroną.  

Dodatkowo, w kontekście wymogów dotyczących zabezpieczenia mienia, Ubezpieczający lub Ubezpieczony jest zobowiązany do stosowania środków ochronnych w celu zabezpieczenia instalacji wodnych i centralnego ogrzewania przed mrozem [3].  

Podsumowując, ryzyko szkód mrozowych chroni przed uszkodzeniami spowodowanymi mrozem w instalacjach wewnętrznych (np. pęknięcie rur, bojlerów) oraz – w przypadku ubezpieczenia *All Risk* – w elementach zewnętrznych (np. rurociągi na posesji).","Numerowana lista dokumentów jest poniżej:
---------------------
<results>
Dokument: 1
OWU_HOME_TWOJEMIEJSCE
Fragment 14
nie pojazdu – bezpośrednie uderzenie w mienie będące przedmiotem ubezpieczenia pojazdu silnikowego lub szynowego, a także uderzenie części tego pojazdu lub przewożonego nim ładunku, powodujące bezpośrednie zniszczenie lub uszkodzenie ubezpieczonego mienia, z wyłączeniem szkód w pojeździe i ładunku; n) Upadek przedmiotu – przewrócenie się budynku, dźwigu, komina, latarni, masztu, słupa energetycznego, rosnących drzew lub ich fragmentów na ubezpieczone mienie, niewywołane działalnością człowieka; o) Upadek statku powietrznego – katastrofa albo przymusowe lądowanie obiektu latającego, a także upadek jego części lub przewożonego ładunku; p) Zalanie – bezpośrednie działanie wody lub innych cieczy na ubezpieczone mienie, polegające na: – spowodowanym awarią wydostaniu się wody, pary lub innych płynów z prawidłowo wykonanych i konserwowanych instalacji oraz urządzeń domowych wodnych, centralnego ogrzewania, kanalizacyjnych, itp., znajdujących się wewnątrz ubezpieczonego mieszkania lub budynku, bądź poza nim, przy czym przez awarię rozumie się nagłe, samoistne pęknięcie bądź rozszczelnienie instalacji lub urządzeń, – cofnięciu się wody lub ścieków z instalacji kanalizacyjnej usytuowanej wewnątrz ubezpieczonego mieszkania lub budynku, bądź poza nim, – nieumyślnym pozostawieniu otwartych kranów lub innych zaworów zamontowanych na instalacji wewnątrz ubezpieczonego mieszkania lub budynku, bądź poza nim, w sytuacji udokumentowanej przerwy w dopływie wody, – zalaniu wodą pochodzącą z opadów atmosferycznych oraz zalaniu wodą lub innym płynem, który wydostał się z lokalu użytkowanego przez osoby trzecie; – zamarzaniu lub rozmarzaniu cieczy w rurach, urządzeniach lub instalacjach wewnątrz domu lub mieszkania pod warunkiem rozszerzenia zakresu ubezpieczenia o ryzyko szkód mrozowych; q) Zapadanie się ziemi – obniżenie terenu z powodu zawalenia się naturalnych, podziemnych, pustych przestrzeni w gruncie; 79) Zdarzenie ubezpieczeniowe (dalej również „wypadek”): a) w ubezpieczeniu mienia od ognia i innych zdarzeń losowych oraz od kradzieży z włamaniem i rabunku, ubezpieczeniu od wszystkich ryzyk (All Risk), ubezpieczeniu NNW, ubezpieczeniu pupili – niezależne od woli Ubezpieczonego zdarzenie przyszłe i niepewne o charakterze nagłym powodujące szkodę, określone w OWU, b) w ubezpieczeniu odpowiedzialności cywilnej w życiu prywatnym – działanie lub zaniechanie Ubezpieczonego, z którego wynikła szkoda osób trzecich, jak też inne zdarzenia wskazane w OWU, c) w ubezpieczeniu assistance domowy – zdarzenie objęte ochroną ubezpieczeniową w ramach umowy ubezpieczenia, której przedmiotem jest dom jednorodzinny, mieszkanie lub wyposażenie oraz awaria urządzeń gospodarstwa domowego, d) w ubezpieczeniu Pomoc Medyczna 24 – uszkodzenie ciała lub rozstrój zdrowia Ubezpieczonego w wyniku nieszczęśliwego wypadku lub nagłego zachorowania; 80) Źródła zielonej energii – instalacje fotowoltaiczne (wraz z panelami fotowoltaicznymi), kolektory słoneczne i pompy ciepła, trwale związane, tj. w sposób uniemożliwiający ich odłączenie bez użycia narzędzi, z domem jednorodzinnym, w tym w stadium budowy, domem letniskowym, budynkiem niemieszkalnym lub z gruntem na terenie posesji. Zawarcie umowy ubezpieczenia – początek odpowiedzialności Ubezpieczyciela § 4 1.

Dokument: 2
WYTYCZNA mHOME
Fragment 5
Bundled - są to ubezpieczenia zawierane w związku z kredytem hipotecznym. Umowa zawierana jest przez doradcę kredytowego w placówce mBanku. Umowa zawierane są na okres jednego roku i odnawiają się automatycznie do momentu spłaty kredytu. Termin płatności składki jest równoznaczny z dniem płatności raty kredytowej. W zależności od wariantu ubezpieczenia, nieruchomość chronimy od: -zdarzeń losowych, czyli ogień, uderzenie pioruna, eksplozja, upadek statku powietrznego, dym i sadza, deszcz nawalny, śnieg, grad, huragan, zalanie, osuwanie się ziemi, zapadanie się ziemi, lawina, uderzenie pojazdu, trzęsienie ziemi, huk ponaddźwiękowy lub od wszystkich ryzyk, -kradzieży z włamaniem lub rabunku, -dodatkowych ryzyk tj. uszkodzenia szyb i elementów szklanych, przepięcia, dewastacja, ubezpieczenie mienia w garażu/piwnicy, szkody mrozowe, koszty poszukiwania przyczyny szkody, przedmioty wartościowe, Assistance domowy, OC najemcy, elementy posesji, w przypadku domu w budowie narzędzie i materiały budowlane, w przypadku wariantu ALL RISK dodatkowo rażące niedbalstwo, kradzież zwykła, graffiti. HOME 3 2 Jakie nieruchomości ubezpieczamy Klient może zawrzeć ubezpieczenia na: -dom, -mieszkanie, -dom w budowie, -ruchomości i stałe elementy. Nie oferujemy ubezpieczeń dla: -domków letniskowych, -nieruchomości, w których występują przerwy w zamieszkaniu powyżej 3 miesięcy, -nieruchomości, w których prowadzona jest działalności gospodarcza w całości lub części przekraczającej 50% powierzchni budynku, -nieruchomości przeznaczonych na wynajem krótkoterminowy, -budynków z konstrukcji palnej, -nieruchomości wchodzących w skład gospodarstwa rolnego, -budynków niemieszkalnych (np. stodoła, magazyn).

Dokument: 3
OWU_HOME_TWOJEMIEJSCE
Start paragraphs
Ogólne warunki ubezpieczeń mieszkaniowych ""Twoje miejsce"". Dokument jest związany z ubezpieczeniem nieruchomości.
licząc od daty początku tego okresu 
Sprzęt RTV, AGD, PC, FOTO, elektroniczny, audiowizualny, instrumenty muzyczne
Ubezpieczenie mienia od ognia i innych zdarzeń losowych oraz od kradzieży z włamaniem lub rabunku – 70% sumy ubezpieczenia ruchomości domowych
Ubezpieczenie od wszystkich ryzyk (All Risk) – do wysokości sumy ubezpieczenia
Wyroby wykonane w całości lub części ze srebra, złota i platyny, monety, biżuteria (w tym zegarki), znaczki filatelistyczne
Ubezpieczenie mienia od ognia i innych zdarzeń losowych oraz od kradzieży z włamaniem lub rabunku – 30% sumy ubezpieczenia ruchomości domowych, nie więcej niż 20 000 zł 
Ubezpieczenie od wszystkich ryzyk (All Risk) – 40% sumy ubezpieczenia ruchomości domowych, nie więcej niż 30 000 zł
Dzieła sztuki
Ubezpieczenie mienia od ognia i innych zdarzeń losowych oraz od kradzieży z włamaniem lub rabunku – 10% sumy ubezpieczenia ruchomości domowych
Ubezpieczenie od wszystkich ryzyk (All Risk) – 40% sumy ubezpieczenia ruchomości domowych, nie więcej niż 50 000 zł
Broń z osprzętem i amunicja
10% sumy ubezpieczenia ruchomości domowych
Mienie służące do działalności gospodarczej lub zawodowej
Ubezpieczenie mienia od ognia i innych zdarzeń losowych oraz od kradzieży z włamaniem lub rabunku – 10% sumy ubezpieczenia ruchomości domowych
Ubezpieczenie od wszystkich ryzyk (All Risk) – 20% sumy ubezpieczenia ruchomości domowych
Pieniądze i środki płatnicze
10% sumy ubezpieczenia ruchomości domowych, nie więcej niż 5 000 zł
Papiery wartościowe
Ubezpieczenie mienia od ognia i innych zdarzeń losowych oraz od kradzieży z włamaniem lub rabunku – 5% sumy ubezpieczenia ruchomości domowych
Ubezpieczenie od wszystkich ryzyk (All Risk) – 10% sumy ubezpieczenia ruchomości domowych
Ruchomości domowe w czasowym posiadaniu Ubezpieczonego, które Ubezpieczony zobowiązany będzie zwrócić osobie trzeciej
25% sumy ubezpieczenia ruchomości domowych
Zwierzęta i rośliny, a dla wariantu ubezpieczenie mienia od wszystkich ryzyk (All Risk) również roślinność ogrodowa na posesji
Ubezpieczenie mienia od ognia i innych zdarzeń losowych oraz od kradzieży z włamaniem lub rabunku – 10% sumy ubezpieczenia ruchomości domowych
Ubezpieczenie od wszystkich ryzyk (All Risk) – 20% sumy ubezpieczenia ruchomości domowych
Szyby i elementy szklane od stłuczenia
Ubezpieczenie mienia od ognia i innych zdarzeń losowych oraz od kradzieży z włamaniem lub rabunku – 10% sumy ubezpieczenia ruchomości domowych
Ubezpieczenie od wszystkich ryzyk (All Risk) – 20% sumy ubezpieczenia ruchomości domowych
Ruchomości domowe w pomieszczeniach gospodarczych poza mieszkaniem lub domem jednorodzinnym oraz w garażu wolno stojącym
Ubezpieczenie mienia od ognia i innych zdarzeń losowych oraz od kradzieży z włamaniem lub rabunku – 20% sumy ubezpieczenia ruchomości domowych
Ubezpieczenie od wszystkich ryzyk (All Risk) – 30% sumy ubezpieczenia ruchomości domowych
Rzeczy osobiste gości
1 000 zł
Budynki niemieszkalne
Ubezpieczenie mienia od ognia i innych zdarzeń losowych oraz od kradzieży z włamaniem lub rabunku – 50 000 zł
Ubezpieczenie od wszystkich ryzyk (All Risk) – 100 000 zł
Obiekty architektury małej
Ubezpieczenie mienia od ognia i innych zdarzeń losowych oraz od kradzieży z włamaniem lub rabunku – 50 000 zł
Ubezpieczenie od wszystkich ryzyk (All Risk) – 100 000 zł
Budynki niemieszkalne w przypadku ubezpieczenia domu letniskowego
10 000 zł
Obiekty małe architektury w przypadku ubezpieczenia domu letniskowego
2 000 zł
Materiały budowlane wewnątrz domu jednorodzinnego w budowie
15 000 zł
Narzędzia budowlane wewnątrz domu jednorodzinnego w budowie
15 000 zł
Dewastacja nagrobka
20% sumy ubezpieczenia nagrobka
Koszty demontażu oraz uprzątnięcia miejsca szkody
10% sumy ubezpieczenia ustalonej dla mienia, którego dotyczy demontaż i uprzątnięcie
Koszty transportu i składowania mienia
Ubezpieczenie mienia od ognia i innych zdarzeń losowych oraz od kradzieży z włamaniem lub rabunku – 10% sumy ubezpieczenia ustalonej dla mienia, którego dotyczy transport i składowanie nie więcej niż 5 000 zł
Ubezpieczenie od wszystkich ryzyk (All Risk) – 20% sumy ubezpieczenia, ustalonej dla mienia, którego dotyczy transport i składowanie nie więcej niż 10 000 zł
Przepięcia w ruchomościach domowych i elementach stałych
Ubezpieczenie mienia od ognia i innych zdarzeń losowych oraz od kradzieży z włamaniem lub rabunku – 10 000 zł
Ubezpieczenie od wszystkich ryzyk (All Risk) – do sumy ubezpieczenia
Pękanie mrozowe wewnątrz domu lub mieszkania
Ubezpieczenie mienia od ognia i innych zdarzeń losowych oraz od kradzieży z włamaniem lub rabunku – 10 000 zł
Ubezpieczenie od wszystkich ryzyk (All Risk) – 20 000 zł
Pękanie mrozowe elementów konstrukcyjnych i instalacji zewnętrznych w ubezpieczeniu All Risk
5 000 zł
Koszty poszukiwania i usuwania przyczyn szkody, z zastrzeżeniem, że limit nie ma zastosowania do kosztów usunięcia przyczyny szkody
Ubezpieczenie mienia od ognia i innych zdarzeń losowych oraz od kradzieży z włamaniem lub rabunku – 10 000 zł
Ubezpieczenie od wszystkich ryzyk (All Risk) – 20 000 zł
Kradzież zwykła w ubezpieczeniu od wszystkich ryzyk (All Risk)
10 000 zł
Graffiti
2 500 zł
Meble ogrodowe
2 000 zł
Ruchomości poza domem – biżuteria (w tym zegarki)
2 000 zł
Ruchomości poza domem – gotówka
5% sumy ubezpieczenia ruchomości poza domem, nie więcej niż 2 000 zł
Ruchomości poza domem – sprzęt muzyczny, sprzęt komputerowy, telekomunikacyjny, sprzęt fotograficzny
50% sumy ubezpieczenia ruchomości poza domem
Koszty utraty wody i gazu
2 500 zł
	
	Wymogi dotyczące zabezpieczenia mienia
	§ 38
	1.	Ubezpieczający lub Ubezpieczony obowiązany jest:
			1)	przestrzegać obowiązujących przepisów prawa dotyczących ochrony przeciwpożarowej;
			2)	przeprowadzać konserwacje i okresowe remonty w ubezpieczonym mieniu;
			3)	stosować środki ochronne w celu zabezpieczenia instalacji wodnych i centralnego ogrzewania przed mrozem;
			4)	zamknąć, opróżnić z wody i utrzymywać opróżnione instalacje wodne i centralnego ogrzewania w obiektach nieużywanych i niedozorowanych lub czasowo nieczynnych;
			5)	wykonywać niezwłocznie wszelkie inwestycje i naprawy niezbędne dla utrzymania stanu technicznego mienia na poziomie zapewniającym prawidłowe działanie instalacji, co najmniej w zakresie wynikającym z przepisów prawa.
	2.	W razie naruszenia z winy umyślnej lub wskutek rażącego niedbalstwa obowiązków, o których mowa w ust. 1, Ubezpieczyciel wolny jest od odpowiedzialności za szkody powstałe z tego powodu. Jeżeli jednak do wyrządzenia szkody doszło wskutek rażącego niedbalstwa w zakresie wykonywania wyżej wymienionych obowiązków, odszkodowanie jest należne, jeśli zapłata odszkodowania odpowiada w danych okolicznościach względom słuszności.
	§ 39
	1.	Dom jednorodzinny, dom w budowie lub dom letniskowy oraz mieszkanie uważa się za należycie zabezpieczone, jeżeli spełnione zostały łącznie następujące warunki:
			1)	każde drzwi zewnętrzne prowadzące do domu jednorodzinnego, domu letniskowego lub mieszkania powinny być wyposażone w co najmniej:
			a)	jeden zamek wielozastawkowy (tj. zamek posiadający przynajmniej dwie ruchome zastawki służące do blokowania zasuwki zamka; ilość zastawek w zamku można ustalić na podstawie nacięć profilowanych w kluczu),
			b)	lub jeden zamek wielopunktowy (tj. zamek powodujący ryglowanie skrzydła drzwi w ościeżnicy w kilku odległych od siebie miejscach),
			c)	lub jeden zamek atestowany (tj. zamek lub wkładka w drzwiach zewnętrznych, posiadające w chwili zakupu atest potwierdzający ich zwiększoną odporność na włamanie),
			d)	bądź jeden zamek mechaniczno-elektroniczny (tj. zamek, którego uruchamianie następuje przy zastosowaniu systemu elektronicznego) oraz zamknięte na co najmniej jeden z powyżej wymienionych zamków, z zastrzeżeniem pkt 3);
			2)	oszklone drzwi zewnętrzne prowadzące do domu jednorodzinnego, domu letniskowego lub mieszkania nie mogą być zaopatrzone w zamki, które można otworzyć bez użycia klucza przez otwór wybity w szybie;
			3)	drzwi zewnętrzne, okna, drzwi balkonowe i tarasowe powinny znajdować się w należytym stanie technicznym i być tak umocowane, osadzone i zamknięte, żeby wyłamanie ich lub wyważenie nie było możliwe bez pozostawienia śladów stanowiących dowód użycia siły lub narzędzi;

Dokument: 4
OWU_HOME_TWOJEMIEJSCE
Start paragraphs
Ogólne warunki ubezpieczeń mieszkaniowych ""Twoje miejsce"". Dokument jest związany z ubezpieczeniem nieruchomości.
			d)	Grad – opad atmosferyczny składający się z bryłek lodu;
			e)	Huk ponaddźwiękowy – fala uderzeniowa wytworzona przez statek powietrzny poruszający się z prędkością większą od prędkości dźwięku;
			f)	Lawina – gwałtowne zsuwanie się lub staczanie mas śniegu, lodu, błota, skał lub kamieni na terenach górskich lub falistych;
			g)	Ogień – ogień, który przedostał się poza palenisko lub powstał bez paleniska i rozprzestrzenił się o własnej sile;
			h)	Osuwanie się ziemi – nie spowodowane działalnością ludzką zsuwanie się ziemi po stoku;
			i)	Piorun – bezpośrednie wyładowanie atmosferyczne na ubezpieczone mienie, pozostawiające ślady tego zdarzenia;
			j)	Silny wiatr – wiatr o prędkości nie mniejszej niż 15 m/s (54 km/h) ustalonej przez Instytut Meteorologii i Gospodarki Wodnej (IMGW), którego działanie wyrządza masowe szkody, a w przypadku braku opinii IMGW wystąpienie silnego wiatru stwierdza się na podstawie stanu faktycznego i rozmiaru szkód w miejscu ich powstania bądź bezpośrednim sąsiedztwie;
			k)	Śnieg – opad atmosferyczny, który swoim ciężarem bezpośrednio oddziałuje na przedmiot ubezpieczenia albo może spowodować przewrócenie się pod wpływem jego ciężaru sąsiedniego mienia na przedmiot ubezpieczenia;
			l)	Trzęsienie ziemi – naturalne, gwałtowne wstrząsy skorupy ziemskiej;
			m)	Uderzenie pojazdu – bezpośrednie uderzenie w mienie będące przedmiotem ubezpieczenia pojazdu silnikowego lub szynowego, a także uderzenie części tego pojazdu lub przewożonego nim ładunku, powodujące bezpośrednie zniszczenie lub uszkodzenie ubezpieczonego mienia, z wyłączeniem szkód w pojeździe i ładunku;
			n)	Upadek przedmiotu – przewrócenie się budynku, dźwigu, komina, latarni, masztu, słupa energetycznego, rosnących drzew lub ich fragmentów na ubezpieczone mienie, niewywołane działalnością człowieka;
			o)	Upadek statku powietrznego – katastrofa albo przymusowe lądowanie obiektu latającego, a także upadek jego części lub przewożonego ładunku;
			p)	Zalanie – bezpośrednie działanie wody lub innych cieczy na ubezpieczone mienie, polegające na:
	– spowodowanym awarią wydostaniu się wody, pary lub innych płynów z prawidłowo wykonanych i konserwowanych instalacji oraz urządzeń domowych wodnych, centralnego ogrzewania, kanalizacyjnych, itp., znajdujących się wewnątrz ubezpieczonego mieszkania lub budynku, bądź poza nim, przy czym przez awarię rozumie się nagłe, samoistne pęknięcie bądź rozszczelnienie instalacji lub urządzeń,
	– cofnięciu się wody lub ścieków z instalacji kanalizacyjnej usytuowanej wewnątrz ubezpieczonego mieszkania lub budynku, bądź poza nim,
	– nieumyślnym pozostawieniu otwartych kranów lub innych zaworów zamontowanych na instalacji wewnątrz ubezpieczonego mieszkania lub budynku, bądź poza nim, w sytuacji udokumentowanej przerwy w dopływie wody,
	– zalaniu wodą pochodzącą z opadów atmosferycznych oraz zalaniu wodą lub innym płynem, który wydostał się z lokalu użytkowanego przez osoby trzecie;
	– zamarzaniu lub rozmarzaniu cieczy w rurach, urządzeniach lub instalacjach wewnątrz domu lub mieszkania pod warunkiem rozszerzenia zakresu ubezpieczenia o ryzyko szkód mrozowych;
			q)	Zapadanie się ziemi – obniżenie terenu z powodu zawalenia się naturalnych, podziemnych, pustych przestrzeni w gruncie;
	79)	Zdarzenie ubezpieczeniowe (dalej również „wypadek”):
			a)	w ubezpieczeniu mienia od ognia i innych zdarzeń losowych oraz od kradzieży z włamaniem i rabunku, ubezpieczeniu od wszystkich ryzyk (All Risk), ubezpieczeniu NNW, ubezpieczeniu pupili – niezależne od woli Ubezpieczonego zdarzenie przyszłe i niepewne o charakterze nagłym powodujące szkodę, określone w OWU,
			b)	w ubezpieczeniu odpowiedzialności cywilnej w życiu prywatnym – działanie lub zaniechanie Ubezpieczonego, z którego wynikła szkoda osób trzecich, jak też inne zdarzenia wskazane w OWU,
			c)	w ubezpieczeniu assistance domowy – zdarzenie objęte ochroną ubezpieczeniową w ramach umowy ubezpieczenia, której przedmiotem jest dom jednorodzinny, mieszkanie lub wyposażenie oraz awaria urządzeń gospodarstwa domowego,
			d)	w ubezpieczeniu Pomoc Medyczna 24 – uszkodzenie ciała lub rozstrój zdrowia Ubezpieczonego w wyniku nieszczęśliwego wypadku lub nagłego zachorowania;
	80)	Źródła zielonej energii – instalacje fotowoltaiczne (wraz z panelami fotowoltaicznymi), kolektory słoneczne i pompy ciepła, trwale związane, tj. w sposób uniemożliwiający ich odłączenie bez użycia narzędzi, z domem jednorodzinnym, w tym w stadium budowy, domem letniskowym, budynkiem niemieszkalnym lub z gruntem na terenie posesji.
Zawarcie umowy ubezpieczenia – początek odpowiedzialności Ubezpieczyciela
§ 4
	1.	Umowa ubezpieczenia zawierana jest na okres ubezpieczenia trwający 12 albo 36 miesięcy; daty początku i końca okresu ubezpieczenia określa Umowa ubezpieczenia.
	2.	Umowa ubezpieczenia zawierana jest na podstawie informacji podanych przez Ubezpieczającego we wniosku o ubezpieczenie, niezbędnych do dokonania przez Ubezpieczyciela oceny ryzyka ubezpieczeniowego. Informacje te mogą być podane przez Ubezpieczającego Ubezpieczycielowi za pośrednictwem środków porozumiewania się na odległość, w szczególności telefonu lub Internetu z zastrzeżeniem, że w przypadku składania wniosku o ubezpieczenie, za pośrednictwem Internetu, Ubezpieczający zobowiązany jest do uprzedniego złożenia oświadczenia o zapoznaniu się i akceptacji regulaminu świadczenia przez Ubezpieczyciela usług drogą elektroniczną, a Ubezpieczyciel jest zobowiązany udostępnić ten regulamin Ubezpieczającemu. Informacje, o których mowa powyżej, obejmują w szczególności dane:
			1)	personalne Ubezpieczającego, Ubezpieczonego lub innych osób zamieszkujących w miejscu ubezpieczenia i mogących z niego korzystać oraz dotyczące ewentualnych zniżek lub zwyżek składek ubezpieczeniowych;
			2)	dotyczące przedmiotu ubezpieczenia i cech identyfikacyjnych przedmiotu ubezpieczenia;
			3)	dotyczące stanu technicznego miejsca ubezpieczenia (w tym zainstalowanych zabezpieczeń antywłamaniowych);
			4)	inne określone we wniosku o ubezpieczenie.
	3.	Na podstawie wniosku o ubezpieczenie, na życzenie Ubezpieczającego, może zostać sporządzona propozycja zawarcia umowy ubezpieczenia zawierająca informacje o zakresie ochrony ubezpieczeniowej, wysokości składki oraz terminach i sposobach jej płatności. Propozycja zawarcia umowy ubezpieczenia, doręczona Ubezpieczającemu wraz z OWU, ważna jest do dnia wskazanego w propozycji zawarcia umowy jako dzień zapłaty składki lub jej pierwszej raty.
	4.	Umowę ubezpieczenia uważa się za zawartą:
			1)	w sytuacji gdy została sporządzona propozycja zawarcia umowy ubezpieczenia – z chwilą zapłacenia składki lub jej pierwszej raty w terminie wskazanym w propozycji zawarcia umowy ubezpieczenia;
			2)	w sytuacji gdy propozycja zawarcia umowy ubezpieczenia nie została sporządzona – z chwilą zaakceptowania przez Ubezpieczyciela wnioskopolisy.
	5.	Odpowiedzialność Ubezpieczyciela rozpoczyna się w dniu ustalonym w umowie ubezpieczenia i potwierdzonym w polisie albo wnioskopolisie jako początek okresu ubezpieczenia, jednak nie wcześniej niż od dnia następnego po zawarciu umowy. W zakresie ryzyka powodzi, o ile jest objęte umową ubezpieczenia, zastosowanie ma ponadto § 32.
	6.	Ubezpieczyciel ma prawo uzależnić rozpoczęcie świadczenia ochrony ubezpieczeniowej od dostarczenia przez Ubezpieczającego dokumentów wymaganych przez Ubezpieczyciela (aktu notarialnego, protokołów odbiorów częściowych nieruchomości, operatu szacunkowego) lub od przeprowadzenia przez Ubezpieczyciela inspekcji miejsca ubezpieczenia. W takim przypadku strony uzgadniają w umowie ubezpieczenia, że ochrona ubezpieczeniowa rozpoczyna się nie wcześniej niż w dniu następnym po dniu wykonania inspekcji przez Ubezpieczyciela oraz po otrzymaniu dokumentów, których dostarczenia żądał Ubezpieczyciel i pod warunkiem zaakceptowania przez Ubezpieczyciela wyniku inspekcji i dostarczonych dokumentów. Ubezpieczyciel przy lub po zawarciu umowy ubezpieczenia uzgadnia z Ubezpieczającym termin wykonania inspekcji miejsca ubezpieczenia lub termin dostarczenia dodatkowych dokumentów. Ubezpieczyciel składa oświadczenie o akceptacji lub braku akceptacji wyników inspekcji lub dostarczonych dokumentów w terminie nie dłuższym niż 3 dni robocze (tj. nie licząc sobót, niedziel lub świąt) od daty dokonania inspekcji lub odpowiednio od daty otrzymania żądanych dokumentów. Niezłożenie przez Ubezpieczyciela oświadczenia we wskazanym terminie będzie jednoznaczne z akceptacją wyniku inspekcji. Oświadczenie, o którym mowa w poprzednim zdaniu Ubezpieczyciel może złożyć również w formie elektronicznej (e-mail, SMS) uzgodnionej jako forma kontaktu z Ubezpieczającym. Niezależnie od postanowień niniejszego ustępu umowa ubezpieczenia może zostać rozwiązana w przypadkach i w trybie określonym w § 9 ust. 4 pkt 2).

Dokument: 5
OWU_HOME_TWOJEMIEJSCE
Fragment 6
użące do wykończenia będącego w budowie ubezpieczonego domu jednorodzinnego; 33) Nieszczęśliwy wypadek – przypadkowe, nagłe zdarzenie powstałe w okresie odpowiedzialności Ubezpieczyciela, wywołane przyczyną zewnętrzną, niezależne od woli Ubezpieczonego ani od stanu jego zdrowia w ubezpieczeniu NNW, a w przypadku ubezpieczenia pupili – niezależnie od stanu zdrowia psa lub kota, w następstwie którego Ubezpieczony, a w ubezpieczeniu pupili pies lub kot, doznał uszkodzenia ciała lub zmarł. Za nieszczęśliwy wypadek w ubezpieczeniu NNW nie uznaje się następstw zdrowotnych przeciążenia, wysiłku, dźwignięcia, pochylenia, a także zawału serca, udaru mózgu i innych chorób, nawet jeżeli wystąpiły nagle; 34) Obiekty małej architektury – trwale związane z gruntem następujące obiekty budowlane usytuowane na terenie posesji: wiaty, nawierzchnie placów i podjazdów, posągi, murki ogrodowe, grille murowane, fontanny, baseny, pergole, altany, przytwierdzone do podłoża urządzenia sportowe służące do rekreacji, piaskownice, śmietniki, zamontowane na stałe instalacje: zraszająca, oświetleniowa, służące do dostarczania energii, ciepła, wody, gazu, także ogrodzenie posesji wraz z bramą, otwieraną ręcznie lub sterowaniem radiowym i jej wyposażeniem instalacyjnym. Za obiekty małej architektury nie są uznawane zainstalowane na gruncie na terenie posesji instalacje fotowoltaiczne (wraz z panelami fotowoltaicznymi), kolektory słoneczne i pompy ciepła; 35) Okres ubezpieczenia – okres odpowiedzialności Ubezpieczyciela; 36) Osoba bliska – małżonek, małżonka, konkubina, konkubent, wstępni, zstępni, pasierbica, pasierb, dziecko przysposobione albo przyjęte na wychowanie przez Ubezpieczonego, przysposabiający, rodzeństwo, ojczym, macocha, teściowie, zięć, synowa, małżonkowie rodzeństwa, dzieci rodzeństwa; 37) Papiery wartościowe – czeki, weksle, obligacje, akcje, konosamenty, akredytywy dokumentowe i inne dokumenty zastępujące w obrocie gotówkę; 38) Pękanie mrozowe – spowodowane mrozem pęknięcie znajdujących się wewnątrz domu jednorodzinnego lub mieszkania urządzeń kąpielowych, umywalek, spłuczek, syfonów, wodomierzy, kotłów, bojlerów, pomp cieplnych, rur dopływowych (wodociągowych) lub odpływowych (kanalizacyjnych), instalacji grzewczych, klimatyzacyjnych, tryskaczowych lub gaśniczych bądź wyciek pary, wody lub innej cieczy; w ubezpieczeniu od wszystkich ryzyk (All Risk) również spowodowane mrozem pęknięcie elementów konstrukcyjnych oraz instalacji zewnętrznych znajdujących się na terenie posesji, na której posadowiony jest dom jednorodzinny; 39) Polisa – dokument ubezpieczenia, wystawiony przez Ubezpieczyciela, potwierdzający zawarcie umowy ubezpieczenia i jej warunki; 40) Pomieszczenie przynależne – pomieszczenie, które stanowi część składową ubezpieczonego mieszkania lub domu jednorodzinnego, nawet jeśli dane pomieszczenie nie przylega bezpośrednio do mieszkania, ale znajduje się w tym samym budynku wielorodzinnym co ubezpieczone mieszkanie lub na posesji domu jednorodzinnego: piwnica, komórka, strych, pomieszczenie gospodarcze, garaż wolno stojący, miejsce parkingowe w garażu podziemnym.
</results>
---------------------
Odpowiedz na pytanie użytkownika wykorzystując tylko informacje znajdujące się w dokumentach, a nie wcześniejszą wiedzę.
Udziel wysokiej jakości, poprawnej gramatycznie odpowiedzi w języku polskim. Odpowiedź powinna zawierać cytowania do dokumentów, z których pochodzą informacje. Zacytuj dokument za pomocą symbolu [nr_dokumentu] powołując się na fragment np. [1] dla fragmentu z dokumentu 1. Jeżeli w dokumentach nie ma informacji potrzebnych do odpowiedzi na pytanie, zamiast odpowiedzi zwróć tekst: ""Nie udało mi się odnaleźć odpowiedzi na pytanie"".

Pytanie: Od czego chroni ryzyko szkody mrozowe?",Od czego chroni ryzyko szkody mrozowe?,Co obejmuje bagaż i foteliki?,not_reformulate,Uniqa_test,Co obejmuje bagaż i foteliki?
Czy można ubezpieczyć pojazd specjalistyczny?,"Z analizy dostępnych informacji wynika, że ubezpieczenie pojazdu specjalistycznego (np. holownika) jest możliwe, ale nie w ramach procesu FUKS, który dotyczy propozycji nowego biznesu dla nabywców pojazdów. W przypadku pojazdów specjalistycznych, takich jak holowniki, nie proponuje się FUKSa [3][4]. 

Jednakże w kontekście ubezpieczeń AutoCasco istnieje możliwość wskazania specjalnego wyposażenia, które może zwiększyć wartość pojazdu i składkę ubezpieczeniową. Przykłady takiego wyposażenia obejmują m.in. wyciągarki czy wyposażenie karawanu [1][2]. Warunkiem jest m.in. stałe zamontowanie urządzenia i konieczność specjalistycznych narzędzi do demontażu [1][2]. 

Wniosek: 
- Pojazdy specjalistyczne nie kwalifikują się do procesu FUKS [3][4].
- Można je ubezpieczyć w ramach standardowych ubezpieczeń AutoCasco, uwzględniając specjalne wyposażenie [1][2].","Numerowana lista dokumentów jest poniżej:
---------------------
<results>
Dokument: 1
BAZA WIEDZY DOK
Fragment 110
dodatkowy alarm, przebieg, marka samochodu. Dodatkowo mogą to być: wniesienie opłaty jednorazowo, zwiększenie udziału własnego w szkodzie, zawarcie umowy przez Internet. Wyposażenie dodatkowe Klient może wskazać dodatkowe elementy wyposażenia, np. : podgrzewane fotele hak holowniczy radioodtwarzacz CD oraz inne. Dzięki temu wartość pojazdu wzrasta, a co za tym idzie - wzrasta również składka za ubezpieczenie. Warunki, jakie musi spełnić klient: musi wskazać urządzenia we wniosku o zawarcie umowy ubezpieczenia urządzenie musi być zamontowane na stałe, a demontaż wymaga specjalistycznych narzędzi urządzenie nie może być standardowo montowane przez producenta pojazdu lub jego importera Maksymalna liczba urządzeń to cztery. Wyposażenie specjalne Klient może wskazać specjalne elementy wyposażenia, np. : dźwigi wyposażenie karawanu windy wyciągarki Dzięki temu wartość auta wzrasta, a co za tym idzie - wzrasta składka za ubezpieczenie. Warunki, jakie musi spełnić klient: musi podać urządzenie we wniosku o zawarcie umowy ubezpieczenia musi załączyć do wniosku faktury zakupu oraz wskazanie wartości wyposażenia urządzenie musi być zamontowane na stałe, a demontaż wymaga specjalistycznych narzędzi urządzenie nie jest montowane na stałe przez producenta lub jego importera.

Dokument: 2
BAZA WIEDZY KOMUNIKACJA
AutoCasco-Wyposażenie specjalne 
Baza wiedzy komunikacyjna związana z ubezpieczeniami i odszkodowaniami pojazdów.
AutoCasco - Wyposażenie specjalne 

Klient może wskazać specjalne elementy wyposażenia, np.:
dźwigi
wyposażenie karawanu
windy
wyciągarki
Dzięki temu wartość auta wzrasta, a co za tym idzie - wzrasta składka za ubezpieczenie.
Warunki, jakie musi spełnić klient:
musi podać urządzenie we wniosku o zawarcie umowy ubezpieczenia
musi załączyć do wniosku faktury zakupu oraz wskazanie wartości wyposażenia
urządzenie musi być zamontowane na stałe, a demontaż wymaga specjalistycznych narzędzi
urządzenie nie jest montowane na stałe przez producenta lub jego importera.
WAŻNE: Każde dodanie wyposażenia specjalnego wymaga akceptacji OCN.

Dokument: 3
BAZA WIEDZY KOMUNIKACJA
FUKS- Propozycja Nowego Biznesu(NB) dla nabywcy-FUKSa nie proponujemy:
Baza wiedzy komunikacyjna związana z ubezpieczeniami i odszkodowaniami pojazdów.
FUKS- Propozycja Nowego Biznesu(NB) dla nabywcy - FUKSa nie proponujemy:

Kiedy nabywca to spółka- odsyłamy Klienta do kalkulatora dla mikroflot na stronie www.uniqa.pl
Jeżeli pojazd to taxi lub inny przewóz osób, nauka jady, usługi kurierskie, transportowe, ochroniarskie, pojazd specjalistyczny np. holownik, auto oferowane na wynajem. Auto użytkowane w wyścigach i rajdach
Jeżeli nabywca ro autohandel (nie ma znaczenia, czy osoba prywatna czy firma) i deklaruje, że pojazd przeznaczony do dalszej sprzedaży nie proponujemy FUX-a
Jeżeli Klient nie ma dopłaty na aktualnej polisie
Jeżeli pojazd ma kierownicę po prawej stronie oraz kiedy pojazd  jest z USA - data 1 rejestracji to 1 stycznia - poinformuj, że nie zaproponujemy AC; jeśli mimo to chce poznać ofertę NB - łączymy na FUX-a
Nie proponujemy FUKS-a jeśli spełnione są jednocześnie dwa warunki:
dopłata poniżej 300 zł
do końca polisy zostało więcej niż 4 miesiące chyba, że klient sam chce poznać ofertę NB

Dokument: 4
BAZA WIEDZY DOK
Fragment 61
Kiedy zlecamy: Klient twierdzi, że podał inne dane, niż te które zostały wprowadzone do polisy podczas zawarcia umowy lub jej trwania; Klient twierdzi, że dopłata do polisy wynika z błędnych informacji udzielonych przez Doradcę, Klient twierdzi, że jego postępowanie wynika z informacji udzielonych przez Doradcę i nie zgadza się na wykonanie dodatkowych czynności związanych z obsługą polisy. Termin odsłuchu, są to nasze wewnętrzne ustalenia, jeśli klient zapyta powiedzmy że z reguły jest to do 14dni. Odsłuch rozmowy każdorazowo powinien być konsultowany z ekspertem. Jeżeli ekspert potwierdzi zasadność to ustawiamy kejsa SRV_NAG FUKS- Propozycja Nowego Biznesu(NB) dla nabywcy Czym jest FUKS i jak go obsługujemy FUKS jest to proces, w którym proponujemy nabywcom wyliczenie nowej rocznej polisy zamiast kontynuowania polisy po zbywcy. Proponujemy osobom prywatnym oraz prowadzącym jednoosobową działalność. Polisa zbywcy musi jeszcze obowiązywać. Polisę zamykacie przez Panel Serwisowy Tworzy się kwotacja z propozycją nowego biznesu – ten numer przekazujecie doradcy ze sprzedaży. Pamiętajcie, aby zweryfikować z klientem czy jesteśmy w stanie zaproponować AC – czy np. pojazd nie jest starszy niż 18 lat FUKSa proponujemy: Kiedy nabywca pojazdu to osoba prywatna lub jednoosobowa działalność gospodarcza Jeżeli pojazd nie jest przeznaczony do dalszej sprzedaży Jeżeli na polisie jest dopłata Jeżeli na polisie nie ma dopłaty, ale Klient chce dobrowolne Jeżeli Klient jest zainteresowany AC należy zweryfikować czy pojazd jest z rynku europejskiego, a kierownica jest po lewej stronie FUKSa nie proponujemy: Kiedy nabywca to spółka- odsyłamy Klienta do kalkulatora dla mikroflot na stronie www.uniqa.pl Jeżeli pojazd to taxi lub inny przewóz osób, nauka jady, usługi kurierskie, transportowe, ochroniarskie, pojazd specjalistyczny np.

Dokument: 5
BAZA WIEDZY KOMUNIKACJA
AutoCasco-Wyposażenie dodatkowe 
Baza wiedzy komunikacyjna związana z ubezpieczeniami i odszkodowaniami pojazdów.
AutoCasco - Wyposażenie dodatkowe 

Klient może wskazać dodatkowe elementy wyposażenia, np.:
podgrzewane fotele
hak holowniczy
radioodtwarzacz CD oraz inne.
Dzięki temu wartość pojazdu wzrasta, a co za tym idzie - wzrasta również składka za ubezpieczenie.
Warunki, jakie musi spełnić klient:
musi wskazać urządzenia we wniosku o zawarcie umowy ubezpieczenia
urządzenie musi być zamontowane na stałe, a demontaż wymaga specjalistycznych narzędzi
urządzenie nie może być standardowo montowane przez producenta pojazdu lub jego importera
Maksymalna liczba urządzeń to cztery.  
Wartość pojazdu możemy podnieść Klientowi ręcznie o 20%.
</results>
---------------------
Odpowiedz na pytanie użytkownika wykorzystując tylko informacje znajdujące się w dokumentach, a nie wcześniejszą wiedzę.
Udziel wysokiej jakości, poprawnej gramatycznie odpowiedzi w języku polskim. Odpowiedź powinna zawierać cytowania do dokumentów, z których pochodzą informacje. Zacytuj dokument za pomocą symbolu [nr_dokumentu] powołując się na fragment np. [1] dla fragmentu z dokumentu 1. Jeżeli w dokumentach nie ma informacji potrzebnych do odpowiedzi na pytanie, zamiast odpowiedzi zwróć tekst: ""Nie udało mi się odnaleźć odpowiedzi na pytanie"".

Pytanie: Czy można ubezpieczyć pojazd specjalistyczny?",Czy można ubezpieczyć pojazd specjalistyczny?,Co obejmuje bagaż i foteliki?,not_reformulate,Uniqa_test,Co obejmuje bagaż i foteliki?
Czy można ubezpieczyć pojazd specjalistyczny?,"Z analizy dostępnych informacji wynika, że ubezpieczenie pojazdu specjalistycznego (np. holownika) jest możliwe, ale nie w ramach procesu FUKS, który dotyczy propozycji nowego biznesu dla nabywców pojazdów. W przypadku pojazdów specjalistycznych, takich jak holowniki, nie proponuje się FUKSa [3][4]. 

Jednakże w kontekście ubezpieczeń AutoCasco istnieje możliwość wskazania specjalnego wyposażenia, które może zwiększyć wartość pojazdu i składkę ubezpieczeniową. Przykłady takiego wyposażenia obejmują m.in. wyciągarki czy wyposażenie karawanu [1][2]. Warunkiem jest m.in. stałe zamontowanie urządzenia i konieczność specjalistycznych narzędzi do demontażu [1][2]. 

Wniosek: 
- Pojazdy specjalistyczne nie kwalifikują się do procesu FUKS [3][4].
- Można je ubezpieczyć w ramach standardowych ubezpieczeń AutoCasco, uwzględniając specjalne wyposażenie [1][2].","Numerowana lista dokumentów jest poniżej:
---------------------
<results>
Dokument: 1
BAZA WIEDZY DOK
Fragment 110
dodatkowy alarm, przebieg, marka samochodu. Dodatkowo mogą to być: wniesienie opłaty jednorazowo, zwiększenie udziału własnego w szkodzie, zawarcie umowy przez Internet. Wyposażenie dodatkowe Klient może wskazać dodatkowe elementy wyposażenia, np. : podgrzewane fotele hak holowniczy radioodtwarzacz CD oraz inne. Dzięki temu wartość pojazdu wzrasta, a co za tym idzie - wzrasta również składka za ubezpieczenie. Warunki, jakie musi spełnić klient: musi wskazać urządzenia we wniosku o zawarcie umowy ubezpieczenia urządzenie musi być zamontowane na stałe, a demontaż wymaga specjalistycznych narzędzi urządzenie nie może być standardowo montowane przez producenta pojazdu lub jego importera Maksymalna liczba urządzeń to cztery. Wyposażenie specjalne Klient może wskazać specjalne elementy wyposażenia, np. : dźwigi wyposażenie karawanu windy wyciągarki Dzięki temu wartość auta wzrasta, a co za tym idzie - wzrasta składka za ubezpieczenie. Warunki, jakie musi spełnić klient: musi podać urządzenie we wniosku o zawarcie umowy ubezpieczenia musi załączyć do wniosku faktury zakupu oraz wskazanie wartości wyposażenia urządzenie musi być zamontowane na stałe, a demontaż wymaga specjalistycznych narzędzi urządzenie nie jest montowane na stałe przez producenta lub jego importera.

Dokument: 2
BAZA WIEDZY KOMUNIKACJA
AutoCasco-Wyposażenie specjalne 
Baza wiedzy komunikacyjna związana z ubezpieczeniami i odszkodowaniami pojazdów.
AutoCasco - Wyposażenie specjalne 

Klient może wskazać specjalne elementy wyposażenia, np.:
dźwigi
wyposażenie karawanu
windy
wyciągarki
Dzięki temu wartość auta wzrasta, a co za tym idzie - wzrasta składka za ubezpieczenie.
Warunki, jakie musi spełnić klient:
musi podać urządzenie we wniosku o zawarcie umowy ubezpieczenia
musi załączyć do wniosku faktury zakupu oraz wskazanie wartości wyposażenia
urządzenie musi być zamontowane na stałe, a demontaż wymaga specjalistycznych narzędzi
urządzenie nie jest montowane na stałe przez producenta lub jego importera.
WAŻNE: Każde dodanie wyposażenia specjalnego wymaga akceptacji OCN.

Dokument: 3
BAZA WIEDZY KOMUNIKACJA
FUKS- Propozycja Nowego Biznesu(NB) dla nabywcy-FUKSa nie proponujemy:
Baza wiedzy komunikacyjna związana z ubezpieczeniami i odszkodowaniami pojazdów.
FUKS- Propozycja Nowego Biznesu(NB) dla nabywcy - FUKSa nie proponujemy:

Kiedy nabywca to spółka- odsyłamy Klienta do kalkulatora dla mikroflot na stronie www.uniqa.pl
Jeżeli pojazd to taxi lub inny przewóz osób, nauka jady, usługi kurierskie, transportowe, ochroniarskie, pojazd specjalistyczny np. holownik, auto oferowane na wynajem. Auto użytkowane w wyścigach i rajdach
Jeżeli nabywca ro autohandel (nie ma znaczenia, czy osoba prywatna czy firma) i deklaruje, że pojazd przeznaczony do dalszej sprzedaży nie proponujemy FUX-a
Jeżeli Klient nie ma dopłaty na aktualnej polisie
Jeżeli pojazd ma kierownicę po prawej stronie oraz kiedy pojazd  jest z USA - data 1 rejestracji to 1 stycznia - poinformuj, że nie zaproponujemy AC; jeśli mimo to chce poznać ofertę NB - łączymy na FUX-a
Nie proponujemy FUKS-a jeśli spełnione są jednocześnie dwa warunki:
dopłata poniżej 300 zł
do końca polisy zostało więcej niż 4 miesiące chyba, że klient sam chce poznać ofertę NB

Dokument: 4
BAZA WIEDZY DOK
Fragment 61
Kiedy zlecamy: Klient twierdzi, że podał inne dane, niż te które zostały wprowadzone do polisy podczas zawarcia umowy lub jej trwania; Klient twierdzi, że dopłata do polisy wynika z błędnych informacji udzielonych przez Doradcę, Klient twierdzi, że jego postępowanie wynika z informacji udzielonych przez Doradcę i nie zgadza się na wykonanie dodatkowych czynności związanych z obsługą polisy. Termin odsłuchu, są to nasze wewnętrzne ustalenia, jeśli klient zapyta powiedzmy że z reguły jest to do 14dni. Odsłuch rozmowy każdorazowo powinien być konsultowany z ekspertem. Jeżeli ekspert potwierdzi zasadność to ustawiamy kejsa SRV_NAG FUKS- Propozycja Nowego Biznesu(NB) dla nabywcy Czym jest FUKS i jak go obsługujemy FUKS jest to proces, w którym proponujemy nabywcom wyliczenie nowej rocznej polisy zamiast kontynuowania polisy po zbywcy. Proponujemy osobom prywatnym oraz prowadzącym jednoosobową działalność. Polisa zbywcy musi jeszcze obowiązywać. Polisę zamykacie przez Panel Serwisowy Tworzy się kwotacja z propozycją nowego biznesu – ten numer przekazujecie doradcy ze sprzedaży. Pamiętajcie, aby zweryfikować z klientem czy jesteśmy w stanie zaproponować AC – czy np. pojazd nie jest starszy niż 18 lat FUKSa proponujemy: Kiedy nabywca pojazdu to osoba prywatna lub jednoosobowa działalność gospodarcza Jeżeli pojazd nie jest przeznaczony do dalszej sprzedaży Jeżeli na polisie jest dopłata Jeżeli na polisie nie ma dopłaty, ale Klient chce dobrowolne Jeżeli Klient jest zainteresowany AC należy zweryfikować czy pojazd jest z rynku europejskiego, a kierownica jest po lewej stronie FUKSa nie proponujemy: Kiedy nabywca to spółka- odsyłamy Klienta do kalkulatora dla mikroflot na stronie www.uniqa.pl Jeżeli pojazd to taxi lub inny przewóz osób, nauka jady, usługi kurierskie, transportowe, ochroniarskie, pojazd specjalistyczny np.

Dokument: 5
BAZA WIEDZY KOMUNIKACJA
AutoCasco-Wyposażenie dodatkowe 
Baza wiedzy komunikacyjna związana z ubezpieczeniami i odszkodowaniami pojazdów.
AutoCasco - Wyposażenie dodatkowe 

Klient może wskazać dodatkowe elementy wyposażenia, np.:
podgrzewane fotele
hak holowniczy
radioodtwarzacz CD oraz inne.
Dzięki temu wartość pojazdu wzrasta, a co za tym idzie - wzrasta również składka za ubezpieczenie.
Warunki, jakie musi spełnić klient:
musi wskazać urządzenia we wniosku o zawarcie umowy ubezpieczenia
urządzenie musi być zamontowane na stałe, a demontaż wymaga specjalistycznych narzędzi
urządzenie nie może być standardowo montowane przez producenta pojazdu lub jego importera
Maksymalna liczba urządzeń to cztery.  
Wartość pojazdu możemy podnieść Klientowi ręcznie o 20%.
</results>
---------------------
Odpowiedz na pytanie użytkownika wykorzystując tylko informacje znajdujące się w dokumentach, a nie wcześniejszą wiedzę.
Udziel wysokiej jakości, poprawnej gramatycznie odpowiedzi w języku polskim. Odpowiedź powinna zawierać cytowania do dokumentów, z których pochodzą informacje. Zacytuj dokument za pomocą symbolu [nr_dokumentu] powołując się na fragment np. [1] dla fragmentu z dokumentu 1. Jeżeli w dokumentach nie ma informacji potrzebnych do odpowiedzi na pytanie, zamiast odpowiedzi zwróć tekst: ""Nie udało mi się odnaleźć odpowiedzi na pytanie"".

Pytanie: Czy można ubezpieczyć pojazd specjalistyczny?",Czy można ubezpieczyć pojazd specjalistyczny?,Jak w tia wprowadzić wypowiedzenie z końcem okresu ochrony?,not_reformulate,Uniqa_test,Jak w tia wprowadzić wypowiedzenie z końcem okresu ochrony?
Czy można ubezpieczyć pojazd specjalistyczny?,"Z analizy dostępnych informacji wynika, że ubezpieczenie pojazdu specjalistycznego (np. holownika) jest możliwe, ale nie w ramach procesu FUKS, który dotyczy propozycji nowego biznesu dla nabywców pojazdów. W przypadku pojazdów specjalistycznych, takich jak holowniki, nie proponuje się FUKSa [3][4]. 

Jednakże w kontekście ubezpieczeń AutoCasco istnieje możliwość wskazania specjalnego wyposażenia, które może zwiększyć wartość pojazdu i składkę ubezpieczeniową. Przykłady takiego wyposażenia obejmują m.in. wyciągarki czy wyposażenie karawanu [1][2]. Warunkiem jest m.in. stałe zamontowanie urządzenia i konieczność specjalistycznych narzędzi do demontażu [1][2]. 

Wniosek: 
- Pojazdy specjalistyczne nie kwalifikują się do procesu FUKS [3][4].
- Można je ubezpieczyć w ramach standardowych ubezpieczeń AutoCasco, uwzględniając specjalne wyposażenie [1][2].","Numerowana lista dokumentów jest poniżej:
---------------------
<results>
Dokument: 1
BAZA WIEDZY DOK
Fragment 110
dodatkowy alarm, przebieg, marka samochodu. Dodatkowo mogą to być: wniesienie opłaty jednorazowo, zwiększenie udziału własnego w szkodzie, zawarcie umowy przez Internet. Wyposażenie dodatkowe Klient może wskazać dodatkowe elementy wyposażenia, np. : podgrzewane fotele hak holowniczy radioodtwarzacz CD oraz inne. Dzięki temu wartość pojazdu wzrasta, a co za tym idzie - wzrasta również składka za ubezpieczenie. Warunki, jakie musi spełnić klient: musi wskazać urządzenia we wniosku o zawarcie umowy ubezpieczenia urządzenie musi być zamontowane na stałe, a demontaż wymaga specjalistycznych narzędzi urządzenie nie może być standardowo montowane przez producenta pojazdu lub jego importera Maksymalna liczba urządzeń to cztery. Wyposażenie specjalne Klient może wskazać specjalne elementy wyposażenia, np. : dźwigi wyposażenie karawanu windy wyciągarki Dzięki temu wartość auta wzrasta, a co za tym idzie - wzrasta składka za ubezpieczenie. Warunki, jakie musi spełnić klient: musi podać urządzenie we wniosku o zawarcie umowy ubezpieczenia musi załączyć do wniosku faktury zakupu oraz wskazanie wartości wyposażenia urządzenie musi być zamontowane na stałe, a demontaż wymaga specjalistycznych narzędzi urządzenie nie jest montowane na stałe przez producenta lub jego importera.

Dokument: 2
BAZA WIEDZY KOMUNIKACJA
AutoCasco-Wyposażenie specjalne 
Baza wiedzy komunikacyjna związana z ubezpieczeniami i odszkodowaniami pojazdów.
AutoCasco - Wyposażenie specjalne 

Klient może wskazać specjalne elementy wyposażenia, np.:
dźwigi
wyposażenie karawanu
windy
wyciągarki
Dzięki temu wartość auta wzrasta, a co za tym idzie - wzrasta składka za ubezpieczenie.
Warunki, jakie musi spełnić klient:
musi podać urządzenie we wniosku o zawarcie umowy ubezpieczenia
musi załączyć do wniosku faktury zakupu oraz wskazanie wartości wyposażenia
urządzenie musi być zamontowane na stałe, a demontaż wymaga specjalistycznych narzędzi
urządzenie nie jest montowane na stałe przez producenta lub jego importera.
WAŻNE: Każde dodanie wyposażenia specjalnego wymaga akceptacji OCN.

Dokument: 3
BAZA WIEDZY KOMUNIKACJA
FUKS- Propozycja Nowego Biznesu(NB) dla nabywcy-FUKSa nie proponujemy:
Baza wiedzy komunikacyjna związana z ubezpieczeniami i odszkodowaniami pojazdów.
FUKS- Propozycja Nowego Biznesu(NB) dla nabywcy - FUKSa nie proponujemy:

Kiedy nabywca to spółka- odsyłamy Klienta do kalkulatora dla mikroflot na stronie www.uniqa.pl
Jeżeli pojazd to taxi lub inny przewóz osób, nauka jady, usługi kurierskie, transportowe, ochroniarskie, pojazd specjalistyczny np. holownik, auto oferowane na wynajem. Auto użytkowane w wyścigach i rajdach
Jeżeli nabywca ro autohandel (nie ma znaczenia, czy osoba prywatna czy firma) i deklaruje, że pojazd przeznaczony do dalszej sprzedaży nie proponujemy FUX-a
Jeżeli Klient nie ma dopłaty na aktualnej polisie
Jeżeli pojazd ma kierownicę po prawej stronie oraz kiedy pojazd  jest z USA - data 1 rejestracji to 1 stycznia - poinformuj, że nie zaproponujemy AC; jeśli mimo to chce poznać ofertę NB - łączymy na FUX-a
Nie proponujemy FUKS-a jeśli spełnione są jednocześnie dwa warunki:
dopłata poniżej 300 zł
do końca polisy zostało więcej niż 4 miesiące chyba, że klient sam chce poznać ofertę NB

Dokument: 4
BAZA WIEDZY DOK
Fragment 61
Kiedy zlecamy: Klient twierdzi, że podał inne dane, niż te które zostały wprowadzone do polisy podczas zawarcia umowy lub jej trwania; Klient twierdzi, że dopłata do polisy wynika z błędnych informacji udzielonych przez Doradcę, Klient twierdzi, że jego postępowanie wynika z informacji udzielonych przez Doradcę i nie zgadza się na wykonanie dodatkowych czynności związanych z obsługą polisy. Termin odsłuchu, są to nasze wewnętrzne ustalenia, jeśli klient zapyta powiedzmy że z reguły jest to do 14dni. Odsłuch rozmowy każdorazowo powinien być konsultowany z ekspertem. Jeżeli ekspert potwierdzi zasadność to ustawiamy kejsa SRV_NAG FUKS- Propozycja Nowego Biznesu(NB) dla nabywcy Czym jest FUKS i jak go obsługujemy FUKS jest to proces, w którym proponujemy nabywcom wyliczenie nowej rocznej polisy zamiast kontynuowania polisy po zbywcy. Proponujemy osobom prywatnym oraz prowadzącym jednoosobową działalność. Polisa zbywcy musi jeszcze obowiązywać. Polisę zamykacie przez Panel Serwisowy Tworzy się kwotacja z propozycją nowego biznesu – ten numer przekazujecie doradcy ze sprzedaży. Pamiętajcie, aby zweryfikować z klientem czy jesteśmy w stanie zaproponować AC – czy np. pojazd nie jest starszy niż 18 lat FUKSa proponujemy: Kiedy nabywca pojazdu to osoba prywatna lub jednoosobowa działalność gospodarcza Jeżeli pojazd nie jest przeznaczony do dalszej sprzedaży Jeżeli na polisie jest dopłata Jeżeli na polisie nie ma dopłaty, ale Klient chce dobrowolne Jeżeli Klient jest zainteresowany AC należy zweryfikować czy pojazd jest z rynku europejskiego, a kierownica jest po lewej stronie FUKSa nie proponujemy: Kiedy nabywca to spółka- odsyłamy Klienta do kalkulatora dla mikroflot na stronie www.uniqa.pl Jeżeli pojazd to taxi lub inny przewóz osób, nauka jady, usługi kurierskie, transportowe, ochroniarskie, pojazd specjalistyczny np.

Dokument: 5
BAZA WIEDZY KOMUNIKACJA
AutoCasco-Wyposażenie dodatkowe 
Baza wiedzy komunikacyjna związana z ubezpieczeniami i odszkodowaniami pojazdów.
AutoCasco - Wyposażenie dodatkowe 

Klient może wskazać dodatkowe elementy wyposażenia, np.:
podgrzewane fotele
hak holowniczy
radioodtwarzacz CD oraz inne.
Dzięki temu wartość pojazdu wzrasta, a co za tym idzie - wzrasta również składka za ubezpieczenie.
Warunki, jakie musi spełnić klient:
musi wskazać urządzenia we wniosku o zawarcie umowy ubezpieczenia
urządzenie musi być zamontowane na stałe, a demontaż wymaga specjalistycznych narzędzi
urządzenie nie może być standardowo montowane przez producenta pojazdu lub jego importera
Maksymalna liczba urządzeń to cztery.  
Wartość pojazdu możemy podnieść Klientowi ręcznie o 20%.
</results>
---------------------
Odpowiedz na pytanie użytkownika wykorzystując tylko informacje znajdujące się w dokumentach, a nie wcześniejszą wiedzę.
Udziel wysokiej jakości, poprawnej gramatycznie odpowiedzi w języku polskim. Odpowiedź powinna zawierać cytowania do dokumentów, z których pochodzą informacje. Zacytuj dokument za pomocą symbolu [nr_dokumentu] powołując się na fragment np. [1] dla fragmentu z dokumentu 1. Jeżeli w dokumentach nie ma informacji potrzebnych do odpowiedzi na pytanie, zamiast odpowiedzi zwróć tekst: ""Nie udało mi się odnaleźć odpowiedzi na pytanie"".

Pytanie: Czy można ubezpieczyć pojazd specjalistyczny?",Czy można ubezpieczyć pojazd specjalistyczny?,Do kiedy klient może to doubezpieczyć?,reformulate,Uniqa_test,Do kiedy klient może rozszerzyć zakres ubezpieczenia o specjalne wyposażenie?